,0,1,2,3,4,5,6,7,8,9
0,1,23.1,27.3,17,-,60,0,1.9,8.9,20.6
1,2,23.6,27.6,18,-,65,0,1.8,5.7,14.8
2,3,24,29,18.4,-,65,0,1.8,6.7,18.3
3,4,,,,,,,,,
4,5,,,,,,,,,
5,6,,,,,,,,,
6,7,24.9,30.3,18.3,-,49,0,1.9,6.3,16.5
7,8,25.1,31.2,16,-,43,0,2.1,6.3,16.5
8,9,26.2,33,20.4,-,31,0,2.4,10.2,20.6
9,10,,,,,,,,,
10,11,,,,,,,,,
11,12,,,,,,,,,
12,13,24.8,32,15.4,-,44,0,2.1,8,18.3
13,14,23.9,29.7,15.8,-,55,0,1.8,6.9,18.3
14,15,24.6,30,15.4,-,51,0,1.8,5.9,14.8
15,16,,,,,,,,,
16,17,,,,,,,,,
17,18,,,,,,,,,
18,19,24.3,30,17.4,-,68,0,1.8,7.4,20.6
19,20,24.8,29.3,18.7,-,59,0,1.9,6.7,18.3
20,21,25.1,29,17,-,54,0,2.4,6.7,22.2
21,22,,,,,,,,,
22,23,,,,,,,,,
23,24,,,,,,,,,
24,25,25.4,30,20,-,56,0,2.3,8.7,20.6
25,26,23.8,29.7,19,-,57,0,2.3,9.4,20.6
26,27,23.3,29,17.6,-,58,0,2.3,9.6,22.2
27,28,,,,,,,,,
28,29,,,,,,,,,
29,30,,,,,,,,,
30,31,27.7,34.3,22,-,40,0,2.9,7.8,18.3
31,,,,,,,,,,
32,,,,,,,,,,
33,1,26.4,33.2,19,-,48,0,2.7,6.7,20.6
34,2,25.2,29.6,18.9,-,56,0,2.9,6.9,20.6
35,3,26.5,31.8,19,-,47,0,2.6,6.7,16.5
36,4,,,,,,,,,
37,5,,,,,,,,,
38,6,,,,,,,,,
39,7,24.9,29.8,19.1,-,67,0,2.6,9.4,22.2
40,8,24.6,29.9,19.3,-,56,0,3.5,8.1,22.2
41,9,25.9,32.8,17,-,50,0,3.1,7.8,22.2
42,10,,,,,,,,,
43,11,,,,,,,,,
44,12,,,,,,,,,
45,13,26.4,32.2,18.2,-,54,0,2.6,7,20.6
46,14,26.4,32,19,-,51,0,2.7,6.7,16.5
47,15,26.1,31,18.3,-,59,0,3.2,9.6,20.6
48,16,,,,,,,,,
49,17,,,,,,,,,
50,18,,,,,,,,,
51,19,26,31,19.7,-,65,0,3.4,7.8,22.2
52,20,26.6,32,16,-,62,0,3.5,6.9,22.2
53,21,30.5,39,20.2,-,34,0,3.1,6.9,20.6
54,22,,,,,,,,,
55,23,,,,,,,,,
56,24,,,,,,,,,
57,25,26.5,31.8,22.9,-,64,0,3.1,10.9,22.2
58,26,25.1,29,19.9,-,57,0,3.9,11.1,22.2
59,27,24.4,28.7,17.2,-,64,0,4,8.9,22.2
60,28,,,,,,,,,
61,,,,,,,,,,
62,,,,,,,,,,
63,1,24.1,28.3,20,-,72,-,4.3,15,24.1
64,2,24.5,28.3,17.5,-,57,0,4.2,11.7,24.1
65,3,23.5,28,16.6,-,51,0,3.7,9.4,25.9
66,4,,,,,,,,,
67,5,,,,,,,,,
68,6,,,,,,,,,
69,7,28.2,34.5,18.6,-,43,0,3.2,7.6,22.2
70,8,27.4,32,19,-,55,0,3.4,9.8,22.2
71,9,28.3,34.8,22.3,-,46,0,3.5,7.6,22.2
72,10,,,,,,,,,
73,11,,,,,,,,,
74,12,,,,,,,,,
75,13,30.7,37,21.7,-,44,-,3.4,8.3,18.3
76,14,28,32,23,-,66,2.03,3.5,9.8,22.2
77,15,26.8,30.8,21.2,-,70,0,3.9,10.6,22.2
78,16,,,,,,,,,
79,17,,,,,,,,,
80,18,,,,,,,,,
81,19,30.4,37.3,19,-,42,0,3.4,9.8,24.1
82,20,30.8,36.5,21.2,-,40,0,2.9,7.8,22.2
83,21,30.2,35.3,22.2,-,59,0,2.4,8.7,20.6
84,22,,,,,,,,,
85,23,,,,,,,,,
86,24,,,,,,,,,
87,25,32.4,41,22,-,49,0,3.1,10.9,18.3
88,26,30.1,34.3,25.6,-,79,0,2.9,10.4,22.2
89,27,29.7,33.1,25.8,-,82,0,2.9,10,22.2
90,28,,,,,,,,,
91,29,,,,,,,,,
92,30,,,,,,,,,
93,31,30.2,35,21.4,-,28,0,4.3,10.7,20.6
94,,,,,,,,,,
95,,,,,,,,,,
96,1,29,33.6,19.6,-,53,0,4,11.3,24.1
97,2,29.1,33.3,20.8,-,56,0,3.4,10.9,24.1
98,3,28.1,32,22,-,68,0,3.9,10.7,24.1
99,4,,,,,,,,,
100,5,,,,,,,,,
101,6,,,,,,,,,
102,7,28.2,32,22,-,67,0,2.9,9.6,20.6
103,8,28.4,32,22.8,-,71,0,2.9,11.5,25.9
104,9,28.9,32,25.2,-,74,0,3.2,9.1,18.3
105,10,,,,,,,,,
106,11,,,,,,,,,
107,12,,,,,,,,,
108,13,28.6,32.3,23.6,1012,66,0,3.2,8.5,24.1
109,14,27.7,31.8,23.2,-,68,0,3.1,8.9,22.2
110,15,29.3,33.2,21.8,-,66,0,3.4,9.4,29.4
111,16,,,,,,,,,
112,17,,,,,,,,,
113,18,,,,,,,,,
114,19,31.1,34.5,24,-,66,0,3.5,9.3,24.1
115,20,30.7,34,25.2,-,78,0,3.5,10.2,25.9
116,21,30.9,35.3,25.7,-,76,0,3.4,11.9,25.9
117,22,,,,,,,,,
118,23,,,,,,,,,
119,24,,,,,,,,,
120,25,29.8,33.2,24,-,68,0,3.9,10,24.1
121,26,29.7,33.3,23.8,-,73,0,4.5,10.9,24.1
122,27,30.5,34,24.3,-,73,0,3.9,9.3,22.2
123,28,,,,,,,,,
124,29,,,,,,,,,
125,30,,,,,,,,,
126,,,,,,,,,,
127,,,,,,,,,,
128,1,30.1,34.2,25.2,-,75,0,4.5,9.8,20.6
129,2,30.5,34,24.2,-,76,0,3.9,11.1,22.2
130,3,30.4,34.2,25,-,76,0,4.3,11.7,25.9
131,4,,,,,,,,,
132,5,,,,,,,,,
133,6,,,,,,,,,
134,7,31.1,34.5,25.2,-,70,0,3.5,10.6,22.2
135,8,31.2,34.4,25.2,-,75,0,3.7,11.1,27.8
136,9,31.9,35,24.6,-,66,0,4.2,11.7,22.2
137,10,,,,,,,,,
138,11,,,,,,,,,
139,12,,,,,,,,,
140,13,30.9,33.8,26,-,70,0,5,9.8,20.6
141,14,31.5,35.3,26.9,-,68,0,4.7,10.4,25.9
142,15,31.6,35.3,25.8,-,74,0,4.7,10.4,22.2
143,16,,,,,,,,,
144,17,,,,,,,,,
145,18,,,,,,,,,
146,19,30.8,34.3,27.8,-,72,0,4.3,13.9,22.2
147,20,30.9,34.1,28.2,-,72,0,5.3,14.4,25.9
148,21,31.3,34.3,28.4,-,71,0,4.7,14.8,22.2
149,22,,,,,,,,,
150,23,,,,,,,,,
151,24,,,,,,,,,
152,25,31.5,35.2,29.6,-,73,0,5.3,16.7,22.2
153,26,31.5,34.6,29,-,71,0,5.1,14.6,24.1
154,27,31.3,34.4,27.6,-,72,0,4.7,13.7,24.1
155,28,,,,,,,,,
156,29,,,,,,,,,
157,30,,,,,,,,,
158,31,31.4,34,27,-,76,0,4.3,11.9,24.1
159,,,,,,,,,,
160,,,,,,,,,,
161,1,31.4,34.8,29,-,69,0,4.2,13.7,27.8
162,2,31.4,34.8,28.8,-,67,0,4.8,13.7,25.9
163,3,31.6,34.6,28.2,-,66,0,4.7,13,25.9
164,4,,,,,,,,,
165,5,,,,,,,,,
166,6,,,,,,,,,
167,7,30.2,36.8,26.8,-,75,0.25,3.9,11.7,27.8
168,8,31.1,36.6,27,-,69,0,5.5,17.4,31.7
169,9,30.7,36.4,26.5,-,70,0,5.3,18,27.8
170,10,,,,,,,,,
171,11,,,,,,,,,
172,12,,,,,,,,,
173,13,27.1,29,23.8,-,90,11.94,2.3,10.7,22.2
174,14,25.9,28,24.8,-,97,23.11,2.3,8.3,20.6
175,15,26.2,29.9,23.5,-,92,58.93,2.7,11.1,24.1
176,16,,,,,,,,,
177,17,,,,,,,,,
178,18,,,,,,,,,
179,19,25.6,26.4,24.2,-,96,282.96,1.4,13.1,29.4
180,20,26.1,28,24,-,94,189.99,1.9,13.5,25.9
181,21,26.6,28,24.8,-,94,131.06,1.8,14.6,22.2
182,22,,,,,,,,,
183,23,,,,,,,,,
184,24,,,,,,,,,
185,25,29,31.6,28,-,83,5.08,2.7,19.4,29.4
186,26,29.5,33,27.4,-,82,0.51,2.6,18.9,33.5
187,27,29.7,32.2,27.8,-,79,0.25,3.1,17.4,27.8
188,28,,,,,,,,,
189,29,,,,,,,,,
190,30,,,,,,,,,
191,,,,,,,,,,
192,,,,,,,,,,
193,1,29.8,32.8,27.5,-,76,6.1,4.3,15.4,25.9
194,2,29.9,32.7,27.6,-,75,0,4.2,14.4,22.2
195,3,30.1,33,27.8,-,74,0.25,3.7,19.6,25.9
196,4,,,,,,,,,
197,5,,,,,,,,,
198,6,,,,,,,,,
199,7,29.8,32.7,28.2,-,79,0,3.7,19.8,29.4
200,8,29.9,32,26.2,-,79,4.06,3.9,19.1,27.8
201,9,30.1,32.9,27.8,-,78,0.25,3.9,18,24.1
202,10,,,,,,,,,
203,11,,,,,,,,,
204,12,,,,,,,,,
205,13,29.9,32.6,28,-,78,0,3.1,15.6,24.1
206,14,30,32.8,26.4,-,74,2.03,3.5,15.6,22.2
207,15,30.1,33,27.6,-,74,1.02,4,15.7,27.8
208,16,,,,,,,,,
209,17,,,,,,,,,
210,18,,,,,,,,,
211,19,29.6,33,26.2,-,79,5.08,3.1,19.4,29.4
212,20,29,31.6,25,-,81,0.51,2.9,19.6,37
213,21,27.9,29,24.2,-,88,60.96,2.6,16.9,27.8
214,22,,,,,,,,,
215,23,,,,,,,,,
216,24,,,,,,,,,
217,25,28.7,30.7,25,-,82,0,2.7,17,24.1
218,26,28.6,31.2,25.2,-,82,8.89,3.2,18.3,33.5
219,27,27.8,29,25,-,85,7.87,2.9,19.1,33.5
220,28,,,,,,,,,
221,29,,,,,,,,,
222,30,,,,,,,,,
223,31,28.9,31.5,25,1007,80,8.89,3.7,15.4,27.8
224,,,,,,,,,,
225,,,,,,,,,,
226,1,29.1,31.5,26.2,-,80,2.03,4.2,18,25.9
227,2,29.1,31.9,26.6,-,79,2.03,4.5,18,29.4
228,3,28.9,31,26.6,-,78,0.51,5.1,17.6,29.4
229,4,,,,,,,,,
230,5,,,,,,,,,
231,6,,,,,,,,,
232,7,28.9,31.8,26.4,-,82,1.02,3.5,17.8,27.8
233,8,27.6,30.4,24.6,-,84,5.08,3.4,10.9,20.6
234,9,27.1,30,24,-,87,8.89,2.9,8.3,14.8
235,10,,,,,,,,,
236,11,,,,,,,,,
237,12,,,,,,,,,
238,13,28.2,31,24.8,-,82,2.03,3.2,13.1,22.2
239,14,28.2,31.5,25,-,83,3.05,3.1,12.4,24.1
240,15,28.3,30.8,24.8,-,82,6.1,3.4,12.2,25.9
241,16,,,,,,,,,
242,17,,,,,,,,,
243,18,,,,,,,,,
244,19,29.3,32,25.3,-,77,0,3.9,12.4,22.2
245,20,29.3,32,25.7,-,75,0,4.2,14.1,24.1
246,21,29.1,32.2,25.2,-,78,0.25,4.3,17.6,29.4
247,22,,,,,,,,,
248,23,,,,,,,,,
249,24,,,,,,,,,
250,25,27.4,30.2,25.3,-,86,3.05,3.1,13,24.1
251,26,29.2,31.8,24.7,-,77,8.89,4.3,14.3,22.2
252,27,29.1,31.7,26,-,78,0,5.5,14.6,22.2
253,28,,,,,,,,,
254,29,,,,,,,,,
255,30,,,,,,,,,
256,31,28,31,23.8,-,82,9.91,3.7,11.1,25.9
257,,,,,,,,,,
258,,,,,,,,,,
259,1,28.6,31.8,24.6,-,77,4.06,4,10.9,22.2
260,2,27.9,31.3,23.3,-,80,4.06,3.5,10,22.2
261,3,28.4,32,23.8,-,74,0.51,4.3,12,24.1
262,4,,,,,,,,,
263,5,,,,,,,,,
264,6,,,,,,,,,
265,7,28.8,32.2,24.4,-,69,0,4.8,9.8,20.6
266,8,28.9,32,23.8,-,71,0,4.3,9.3,20.6
267,9,28.6,31.5,24.4,-,75,0,4.2,9.8,18.3
268,10,,,,,,,,,
269,11,,,,,,,,,
270,12,,,,,,,,,
271,13,27.9,31.5,23.7,-,87,17.02,2.7,6.5,18.3
272,14,28.3,31.5,23.8,-,84,21.08,3.5,9.8,20.6
273,15,28.7,31,24.2,-,80,33.02,3.9,10.2,22.2
274,16,,,,,,,,,
275,17,,,,,,,,,
276,18,,,,,,,,,
277,19,28.4,31.1,24.8,-,83,5.08,3.4,17.2,25.9
278,20,27.6,30,24,-,86,32,3.1,15.2,24.1
279,21,28.6,32.3,24.7,-,83,27.94,3.4,15.7,31.7
280,22,,,,,,,,,
281,23,,,,,,,,,
282,24,,,,,,,,,
283,25,28.2,31.8,23.7,-,72,0,4.3,10,22.2
284,26,27.9,31.7,23.4,-,72,0,3.9,9.8,22.2
285,27,28.4,33,21.3,-,71,0,4.8,10.4,22.2
286,28,,,,,,,,,
287,29,,,,,,,,,
288,30,,,,,,,,,
289,,,,,,,,,,
290,,,,,,,,,,
291,1,31.7,37,24,-,59,-,3.5,10.6,22.2
292,2,29.2,34.3,25.7,-,79,3.05,2.6,9.1,20.6
293,3,27.9,31.8,25,-,86,-,3.5,9.6,20.6
294,4,,,,,,,,,
295,5,,,,,,,,,
296,6,,,,,,,,,
297,7,31,35,23.5,-,69,0,2.9,7,18.3
298,8,30.6,36,24.4,-,79,0,2.6,9.1,18.3
299,9,30.1,33.2,26.6,-,76,0,3.5,9.4,18.3
300,10,,,,,,,,,
301,11,,,,,,,,,
302,12,,,,,,,,,
303,13,30.4,33.9,25,-,73,0,3.1,8.1,20.6
304,14,31.4,37,23.4,-,70,0,2.7,6.5,18.3
305,15,32.6,37.2,25.4,-,56,0,3.1,6.7,18.3
306,16,,,,,,,,,
307,17,,,,,,,,,
308,18,,,,,,,,,
309,19,32.2,37.5,26.6,-,58,0,2.6,7.6,14.8
310,20,31.8,37.1,24.2,-,54,0,3.4,7.8,16.5
311,21,31.3,37.5,23.9,-,64,0,2.7,4.4,16.5
312,22,,,,,,,,,
313,23,,,,,,,,,
314,24,,,,,,,,,
315,25,30.1,34.4,26,-,72,-,2.9,7.2,27.8
316,26,30.3,35.2,23.8,-,64,0.76,2.9,8.3,18.3
317,27,30.6,34.5,25.2,-,63,0,2.6,5.6,14.8
318,28,,,,,,,,,
319,29,,,,,,,,,
320,30,,,,,,,,,
321,31,30,35.7,22,-,53,0,3.2,10.2,20.6
322,,,,,,,,,,
323,,,,,,,,,,
324,1,30.3,36.1,21.8,-,57,0,3.2,7.8,18.3
325,2,30.6,36.5,23.6,-,53,0,3.1,10,18.3
326,3,30.1,35,21.4,-,57,0,2.9,6.3,18.3
327,4,,,,,,,,,
328,5,,,,,,,,,
329,6,,,,,,,,,
330,7,31.1,36.5,20.7,-,44,0,4,7.4,14.8
331,8,30.4,36,20.7,-,45,0,3.7,8.7,20.6
332,9,29.8,36,20.6,-,51,0,3.5,7.4,16.5
333,10,,,,,,,,,
334,11,,,,,,,,,
335,12,,,,,,,,,
336,13,29.9,37,20.8,-,48,0,3.5,9.1,20.6
337,14,29.9,35.8,21.1,1011,47,0,3.5,9.1,16.5
338,15,30.2,36.7,20.7,-,46,0,3.9,7.6,20.6
339,16,,,,,,,,,
340,17,,,,,,,,,
341,18,,,,,,,,,
342,19,29.5,34.7,21.4,-,32,0,3.5,10.7,18.3
343,20,30.4,37,18.4,-,40,0,3.5,11.9,22.2
344,21,29.2,35.5,23.2,-,60,0.51,3.1,9.4,16.5
345,22,,,,,,,,,
346,23,,,,,,,,,
347,24,,,,,,,,,
348,25,30.3,35.5,23.6,-,63,0,3.1,6.9,14.8
349,26,30.3,35.3,23.4,-,63,0,2.6,6.7,16.5
350,27,28.9,33,22.4,-,55,0,3.5,7.6,18.3
351,28,,,,,,,,,
352,29,,,,,,,,,
353,30,,,,,,,,,
354,,,,,,,,,,
355,,,,,,,,,,
356,1,29.8,35.8,20.2,-,56,0,2.7,6.9,20.6
357,2,29.6,35.2,20.8,-,55,0,2.4,8,18.3
358,3,29,34.6,19.6,-,47,0,2.9,8.1,20.6
359,4,,,,,,,,,
360,5,,,,,,,,,
361,6,,,,,,,,,
362,7,29.5,35.7,18.7,-,40,0,3.2,7.6,16.5
363,8,28.3,34.9,17.9,-,44,0,2.9,8,14.8
364,9,27.9,33.3,17,-,51,0,2.6,7,16.5
365,10,,,,,,,,,
366,11,,,,,,,,,
367,12,,,,,,,,,
368,13,26.8,31.5,17.2,-,42,0,3.1,6.9,18.3
369,14,27.6,32.1,18.4,-,51,0,2.7,6.9,16.5
370,15,27.9,33,21.5,-,54,0,2.7,6.9,16.5
371,16,,,,,,,,,
372,17,,,,,,,,,
373,18,,,,,,,,,
374,19,27.4,33.5,17.4,-,53,0,2.4,7.4,16.5
375,20,26.8,31.1,17.8,-,58,0,2.3,5.9,18.3
376,21,25.8,31.6,16,-,44,0,2.7,7.6,20.6
377,22,,,,,,,,,
378,23,,,,,,,,,
379,24,,,,,,,,,
380,25,25.3,32.1,18.3,-,28,0,2.9,15.6,24.1
381,26,25.4,32.7,16.6,-,28,0,2.6,10.4,20.6
382,27,25.7,34,14.4,-,33,0,2.7,7.4,20.6
383,28,,,,,,,,,
384,29,,,,,,,,,
385,30,,,,,,,,,
386,31,-,-,-,-,-,-,-,-,-
387,,,,,,,,,,
388,,,,,,,,,,
389,1,28.6,35.3,15.7,-,35,0,3.1,7,18.3
390,2,26.9,33.2,15,-,43,0,2.6,7.2,18.3
391,3,25.8,32.3,13.2,-,49,0,2.4,6.3,18.3
392,4,,,,,,,,,
393,5,,,,,,,,,
394,6,,,,,,,,,
395,7,26.7,32.1,19,-,52,0,1.9,7,14.8
396,8,27.2,32.8,18.8,-,50,0,2.1,6.9,16.5
397,9,26.6,32.3,17.2,-,41,0,2.9,7.2,18.3
398,10,,,,,,,,,
399,11,,,,,,,,,
400,12,,,,,,,,,
401,13,24.9,29,18.5,-,59,0,2.1,5.9,18.3
402,14,24,28,17.5,-,62,0,2.7,8.7,25.9
403,15,24,27.2,17.2,-,63,0,2.6,7.4,20.6
404,16,,,,,,,,,
405,17,,,,,,,,,
406,18,,,,,,,,,
407,19,23.7,28.2,15,-,39,0,3.2,9.6,20.6
408,20,23.4,29.5,12.6,-,39,0,2.9,10.7,22.2
409,21,25.2,31,15.2,-,33,0,2.9,11.3,20.6
410,22,,,,,,,,,
411,23,,,,,,,,,
412,24,,,,,,,,,
413,25,25.3,31.4,15.1,-,40,0,3.2,6.9,20.6
414,26,24.1,29,13.6,-,50,0,3.2,9.1,22.2
415,27,24,29,15.9,-,58,0,2.9,8.3,18.3
416,28,,,,,,,,,
417,29,,,,,,,,,
418,30,,,,,,,,,
419,31,26.8,31,18,-,60,0,2.3,7.8,18.3
420,,,,,,,,,,
421,,,,,,,,,,
422,1,26.9,32,18.6,-,53,0,2.6,7.6,18.3
423,2,26.8,33,17.5,-,50,0,2.7,8.7,18.3
424,3,25.7,32.4,15,-,46,0,3.1,6.3,22.2
425,4,,,,,,,,,
426,5,,,,,,,,,
427,6,,,,,,,,,
428,7,23.7,28,16.8,-,62,0,4.5,9.3,20.6
429,8,24.7,29.7,15.9,-,62,0,3.4,8.1,18.3
430,9,25.8,30,17.6,-,65,0,2.3,8.1,20.6
431,10,,,,,,,,,
432,11,,,,,,,,,
433,12,,,,,,,,,
434,13,24.2,28,16.8,-,61,0,3.2,10.6,20.6
435,14,25.1,31.3,16.4,-,41,0,2.9,9.1,24.1
436,15,25.6,31,16.4,-,42,0,2.7,8.9,20.6
437,16,,,,,,,,,
438,17,,,,,,,,,
439,18,,,,,,,,,
440,19,26.8,30.9,20.7,-,68,0,3.1,7.6,20.6
441,20,28,31,21,-,57,0,3.2,10.6,22.2
442,21,28.6,32,21.4,-,39,0,3.2,9.8,18.3
443,22,,,,,,,,,
444,23,,,,,,,,,
445,24,,,,,,,,,
446,25,25.9,30,19.6,-,66,0,2.7,8.3,20.6
447,26,26.8,31,18.8,-,66,0,2.3,6.7,20.6
448,27,28.1,34,20.2,-,62,0,1.6,7.2,20.6
449,28,,,,,,,,,
450,29,,,,,,,,,
451,,,,,,,,,,
452,,,,,,,,,,
453,1,29.3,35,20.2,-,59,0,2.1,7.4,20.6
454,2,29.7,34,23.2,-,61,0,2.4,8.5,20.6
455,3,31.3,36,24.9,-,46,0,2.7,10.9,18.3
456,4,,,,,,,,,
457,5,,,,,,,,,
458,6,,,,,,,,,
459,7,28.6,33,20,-,50,0,3.1,9.3,22.2
460,8,29.6,35,21.4,-,43,0,3.4,11.3,20.6
461,9,29.3,34,22.6,-,49,0,3.2,11.3,24.1
462,10,,,,,,,,,
463,11,,,,,,,,,
464,12,,,,,,,,,
465,13,26.9,31,22.9,-,66,0,5.5,10.9,18.3
466,14,26.7,30,20.6,-,66,0,4.3,10.4,25.9
467,15,28.2,31,22.3,-,56,0,3.9,10.6,25.9
468,16,,,,,,,,,
469,17,,,,,,,,,
470,18,,,,,,,,,
471,19,31.9,37,23.4,-,43,0,3.4,10.2,20.6
472,20,31.2,37,26.2,-,48,0,3.4,10.9,18.3
473,21,30.7,37,23.3,-,44,0,3.7,10,22.2
474,22,,,,,,,,,
475,23,,,,,,,,,
476,24,,,,,,,,,
477,25,28.4,32.2,24,-,77,0,3.4,10,22.2
478,26,29.3,32,23.8,-,71,0,3.1,8.7,22.2
479,27,31.3,36,23.4,-,53,0,3.4,8.9,20.6
480,28,,,,,,,,,
481,29,,,,,,,,,
482,30,,,,,,,,,
483,31,28.4,33,22.8,-,68,0,3.9,10.9,24.1
484,,,,,,,,,,
485,,,,,,,,,,
486,1,28.3,32,23.4,-,73,0,3.9,11.3,22.2
487,2,28.2,31.5,23.4,-,75,0,3.2,10.2,25.9
488,3,28.7,31.2,23.4,-,74,0,3.5,9.6,22.2
489,4,,,,,,,,,
490,5,,,,,,,,,
491,6,,,,,,,,,
492,7,30.1,34,23.4,-,55,0,3.5,10.9,24.1
493,8,31.2,37,24,-,43,0,3.2,11.9,20.6
494,9,30.8,35,25.4,-,52,0,4,11.9,20.6
495,10,,,,,,,,,
496,11,,,,,,,,,
497,12,,,,,,,,,
498,13,29.1,32.9,23.4,-,73,0,3.2,11.3,24.1
499,14,29.4,34,22.8,-,68,0,3.5,10.6,22.2
500,15,29.8,34,22.2,-,65,0,3.4,11.5,22.2
501,16,,,,,,,,,
502,17,,,,,,,,,
503,18,,,,,,,,,
504,19,30.7,34,25,-,66,0,3.7,10.9,22.2
505,20,29.9,32.9,26,-,72,0,3.7,10.7,22.2
506,21,29,32.2,25.3,-,74,0,4.2,11.9,24.1
507,22,,,,,,,,,
508,23,,,,,,,,,
509,24,,,,,,,,,
510,25,29,32.2,24,-,68,0,4,9.6,20.6
511,26,29.8,33.2,22.6,-,69,0,4,10.9,20.6
512,27,33,38,25.4,-,47,0,3.7,13.1,24.1
513,28,,,,,,,,,
514,29,,,,,,,,,
515,30,,,,,,,,,
516,,,,,,,,,,
517,,,,,,,,,,
518,1,29.9,33.5,25,-,72,0,4.2,11.3,22.2
519,2,30.2,34,25.6,-,72,0,3.7,11.1,22.2
520,3,30.2,34,24.8,-,71,0,4.5,8.9,24.1
521,4,,,,,,,,,
522,5,,,,,,,,,
523,6,,,,,,,,,
524,7,29.9,32.5,25.1,-,72,0,4.5,11.5,24.1
525,8,30.2,33.2,26.2,-,72,0,4.3,12,24.1
526,9,30.1,33.2,26.5,-,73,0,5.1,9.8,24.1
527,10,,,,,,,,,
528,11,,,,,,,,,
529,12,,,,,,,,,
530,13,30.8,33.5,26.5,-,74,0,3.9,12.4,22.2
531,14,31.2,33.7,27.4,-,73,0,4.2,11.7,27.8
532,15,30.9,33.9,25.8,-,76,0,5,12,24.1
533,16,,,,,,,,,
534,17,,,,,,,,,
535,18,,,,,,,,,
536,19,31.2,34,28.6,-,74,0,3.9,16.9,22.2
537,20,31.4,34.4,29.2,-,73,0,4.2,17.4,22.2
538,21,31.3,34.5,29,-,73,0,3.9,17.6,24.1
539,22,,,,,,,,,
540,23,,,,,,,,,
541,24,,,,,,,,,
542,25,31.4,35,29.2,-,73,-,4.7,16.9,24.1
543,26,31.6,35.2,29,-,70,-,4.3,15.6,24.1
544,27,31.6,35,28.8,-,70,-,4.5,15,22.2
545,28,,,,,,,,,
546,29,,,,,,,,,
547,30,,,,,,,,,
548,31,32.1,35,27.7,-,68,0,4.5,14.3,25.9
549,,,,,,,,,,
550,,,,,,,,,,
551,1,32,34,29,-,67,0,4.3,13.5,81.3
552,2,32.2,35,29,-,66,0,4.5,14.6,27.8
553,3,31.9,34.7,28,-,68,0,4.8,16.7,27.8
554,4,,,,,,,,,
555,5,,,,,,,,,
556,6,,,,,,,,,
557,7,31.6,34,28.6,-,73,0,4,15.4,24.1
558,8,31.8,35,28.6,-,70,0,4,17,25.9
559,9,31.9,34.6,29,-,70,0,4.2,15.6,24.1
560,10,,,,,,,,,
561,11,,,,,,,,,
562,12,,,,,,,,,
563,13,31.8,35,29,-,71,-,3.4,19.1,27.8
564,14,31.4,34.7,28.8,-,72,-,2.7,18.9,27.8
565,15,31.3,33.7,27.6,-,74,-,3.5,17.6,25.9
566,16,,,,,,,,,
567,17,,,,,,,,,
568,18,,,,,,,,,
569,19,28.8,32,25,-,80,-,2.4,12,22.2
570,20,27.7,29.2,23.2,-,87,-,2.9,9.4,16.5
571,21,28.1,31.6,23.9,-,86,-,3.5,13.1,22.2
572,22,,,,,,,,,
573,23,,,,,,,,,
574,24,,,,,,,,,
575,25,26.7,28,24.3,-,92,-,2.1,14.1,22.2
576,26,26.6,29.5,23.4,-,90,-,2.4,14.6,22.2
577,27,27.1,29,24.4,-,92,-,1.8,12.4,22.2
578,28,,,,,,,,,
579,29,,,,,,,,,
580,30,,,,,,,,,
581,,,,,,,,,,
582,,,,,,,,,,
583,1,27.8,30,23.6,-,92,-,1.8,15,24.1
584,2,27.2,28,24.6,-,94,-,1.8,18.1,31.7
585,3,27.9,30,24.8,-,92,-,2.1,18.1,29.4
586,4,,,,,,,,,
587,5,,,,,,,,,
588,6,,,,,,,,,
589,7,28.9,30,25.9,-,83,-,3.1,16.9,22.2
590,8,28.4,29,27,-,86,-,2.7,19.3,25.9
591,9,28.8,30,25.4,-,83,-,2.7,18.5,31.7
592,10,,,,,,,,,
593,11,,,,,,,,,
594,12,,,,,,,,,
595,13,28.2,30.5,24,-,84,-,2.9,17.2,27.8
596,14,27,30.5,25,-,90,-,2.9,13.1,25.9
597,15,28.2,31.5,24.3,-,84,-,3.2,14.6,24.1
598,16,,,,,,,,,
599,17,,,,,,,,,
600,18,,,,,,,,,
601,19,26.4,28,23.4,-,91,-,2.4,13.7,25.9
602,20,27.5,30,24,-,86,-,2.9,12.6,24.1
603,21,26.1,27.7,23.7,-,90,-,2.4,7,22.2
604,22,,,,,,,,,
605,23,,,,,,,,,
606,24,,,,,,,,,
607,25,27.7,29.5,24.7,-,86,-,3.4,9.1,18.3
608,26,26.4,28,25,-,90,-,2.6,8,20.6
609,27,25.9,29,23.4,-,90,-,2.7,9.3,14.8
610,28,,,,,,,,,
611,29,,,,,,,,,
612,30,,,,,,,,,
613,31,26.5,28,25,-,94,-,2.1,14.3,24.1
614,,,,,,,,,,
615,,,,,,,,,,
616,1,27,28,23.2,-,90,-,2.6,22,35.2
617,2,27.8,28,24.6,-,85,-,2.7,19.8,33.5
618,3,27.9,29,25,-,86,-,2.4,22.2,33.5
619,4,,,,,,,,,
620,5,,,,,,,,,
621,6,,,,,,,,,
622,7,28.4,30,25.2,-,82,-,3.5,19.8,25.9
623,8,28.4,30.6,25.5,-,83,-,3.2,20.9,29.4
624,9,28.2,30.6,26,-,84,-,3.2,22.2,33.5
625,10,,,,,,,,,
626,11,,,,,,,,,
627,12,,,,,,,,,
628,13,28.5,30.6,25.9,-,82,-,3.9,19.3,29.4
629,14,28.2,30,25.8,-,81,-,3.1,21.9,31.7
630,15,28.5,30.6,26,-,81,-,3.1,19.3,27.8
631,16,,,,,,,,,
632,17,,,,,,,,,
633,18,,,,,,,,,
634,19,28.3,31,25.7,-,80,-,3.2,14.6,24.1
635,20,28.6,30.2,25.4,-,81,-,2.9,16.5,24.1
636,21,28.6,30.6,25.8,-,80,-,3.1,17.6,22.2
637,22,,,,,,,,,
638,23,,,,,,,,,
639,24,,,,,,,,,
640,25,28.3,31.7,24.8,-,79,-,3.5,15.4,24.1
641,26,26.3,28,24.4,-,91,-,2.3,7.4,16.5
642,27,25.7,27,24,-,95,-,1.9,9.3,14.8
643,28,,,,,,,,,
644,29,,,,,,,,,
645,30,,,,,,,,,
646,31,28.2,30.7,25,-,81,-,4.2,12.2,24.1
647,,,,,,,,,,
648,,,,,,,,,,
649,1,28.2,31.3,25.4,-,81,0.51,3.7,15.9,25.9
650,2,27.2,30.3,25,-,85,4.06,3.4,11.9,31.7
651,3,27.4,30.2,23.6,-,82,0,3.4,12.8,22.2
652,4,,,,,,,,,
653,5,,,,,,,,,
654,6,,,,,,,,,
655,7,27.6,30.6,25.4,-,78,-,3.4,14.3,27.8
656,8,27.9,31.5,24,-,78,-,3.2,11.9,22.2
657,9,27.2,31.7,24,-,81,-,3.2,10.9,22.2
658,10,,,,,,,,,
659,11,,,,,,,,,
660,12,,,,,,,,,
661,13,28,30,23.6,-,81,-,3.5,9.3,20.6
662,14,28.9,31,23.9,-,78,-,3.4,11.9,20.6
663,15,26.2,28,25,-,92,-,2.1,9.8,20.6
664,16,,,,,,,,,
665,17,,,,,,,,,
666,18,,,,,,,,,
667,19,26.6,29,23,-,89,-,3.1,12.8,22.2
668,20,25.3,28,23,-,94,-,1.9,12.2,22.2
669,21,26.1,27,25.5,-,93,-,1.8,10.7,13
670,22,,,,,,,,,
671,23,,,,,,,,,
672,24,,,,,,,,,
673,25,27.4,29.2,23.4,-,84,-,3.1,10.9,20.6
674,26,28.7,31,24.8,-,80,0,4,11.9,22.2
675,27,28.1,29.5,25.2,-,83,-,2.9,10.4,20.6
676,28,,,,,,,,,
677,29,,,,,,,,,
678,30,,,,,,,,,
679,,,,,,,,,,
680,,,,,,,,,,
681,1,26.3,28,24.5,-,88,-,2.6,10.7,18.3
682,2,25.1,26.2,23,-,95,-,2.3,9.4,18.3
683,3,25.7,27.2,23,-,93,-,2.9,10.2,14.8
684,4,,,,,,,,,
685,5,,,,,,,,,
686,6,,,,,,,,,
687,7,27.7,31,24,-,83,-,4,11.9,22.2
688,8,28,31.6,23.4,-,80,0,3.7,11.9,20.6
689,9,28.2,31,23.6,-,83,0,3.4,10.7,20.6
690,10,,,,,,,,,
691,11,,,,,,,,,
692,12,,,,,,,,,
693,13,28.2,34,22.6,-,72,0,4.2,11.5,20.6
694,14,29.1,33.2,22.4,-,67,0,2.7,10,18.3
695,15,29.4,33.3,21.5,-,70,0,2.4,9.3,16.5
696,16,,,,,,,,,
697,17,,,,,,,,,
698,18,,,,,,,,,
699,19,30.8,35,22.6,-,50,0,2.6,8.1,20.6
700,20,29.7,35,20.6,-,51,0,2.6,9.6,18.3
701,21,28.9,34,21,-,62,0,2.6,9.6,18.3
702,22,,,,,,,,,
703,23,,,,,,,,,
704,24,,,,,,,,,
705,25,28,31,21.7,-,60,0,3.4,10.9,20.6
706,26,28,33,18.8,-,59,0,3.1,9.4,18.3
707,27,29.8,35,20.5,-,47,0,3.5,10.6,25.9
708,28,,,,,,,,,
709,29,,,,,,,,,
710,30,,,,,,,,,
711,31,30.8,35.7,20.2,-,50,0,3.1,10.7,22.2
712,,,,,,,,,,
713,,,,,,,,,,
714,1,30.4,36,22.2,-,39,0,3.5,10.7,22.2
715,2,30,35,22,-,34,0,3.4,12.6,20.6
716,3,29.1,34.7,20.4,-,40,0,3.4,10,18.3
717,4,,,,,,,,,
718,5,,,,,,,,,
719,6,,,,,,,,,
720,7,27.9,34,18.5,-,46,0,3.1,9.1,24.1
721,8,28.6,35,16.7,-,37,0,3.1,9.1,18.3
722,9,28.2,35,17,-,37,0,3.2,9.6,18.3
723,10,,,,,,,,,
724,11,-,-,-,-,-,-,-,-,-
725,12,,,,,,,,,
726,13,,,,,,,,,
727,14,28.2,34,19,-,46,0,2.6,7.6,16.5
728,15,28.8,35,19.6,-,56,0,2.3,6.3,13
729,16,29.9,35.4,22,-,59,0,2.3,9.3,16.5
730,17,,,,,,,,,
731,18,,,,,,,,,
732,19,,,,,,,,,
733,20,27.1,34.5,16.4,-,46,0,3.1,7.6,16.5
734,21,27.7,35.2,16.4,-,41,0,3.4,8.5,16.5
735,22,28.1,35,17.6,-,40,0,2.7,7.8,16.5
736,23,,,,,,,,,
737,24,,,,,,,,,
738,25,,,,,,,,,
739,26,27.9,34.5,17.4,-,41,0,3.1,8.3,16.5
740,27,28,35,16.6,-,43,0,3.2,8,20.6
741,28,28.4,35,18,-,50,0,2.6,6.9,18.3
742,29,,,,,,,,,
743,30,,,,,,,,,
744,,,,,,,,,,
745,,,,,,,,,,
746,1,28,33,17.6,-,49,0,2.4,6.7,14.8
747,2,27.9,35.2,18.4,-,47,0,2.6,9.8,18.3
748,3,28.9,35,18.8,-,46,0,2.4,9.8,16.5
749,4,,,,,,,,,
750,5,,,,,,,,,
751,6,,,,,,,,,
752,7,27.4,34,17.4,-,43,0,2.6,8.7,20.6
753,8,27.1,33,17.6,-,41,0,2.7,7.8,18.3
754,9,26.1,33.5,17,-,52,0,2.3,7.6,16.5
755,10,,,,,,,,,
756,11,,,,,,,,,
757,12,,,,,,,,,
758,13,28.2,35,16.2,-,39,0,2.9,9.1,20.6
759,14,28.8,34.6,18.2,-,46,0,3.1,8.5,18.3
760,15,29.3,34,22.6,-,55,0,3.1,9.4,20.6
761,16,,,,,,,,,
762,17,,,,,,,,,
763,18,,,,,,,,,
764,19,26.6,32,17,-,48,0,3.2,8,18.3
765,20,27.3,34,18.5,-,46,0,2.9,9.6,16.5
766,21,27.4,34,16.4,-,45,0,2.6,7.8,18.3
767,22,,,,,,,,,
768,23,,,,,,,,,
769,24,,,,,,,,,
770,25,26.1,32,16.3,-,55,0,2.1,4.3,16.5
771,26,26.8,33,15.9,-,47,0,2.4,6.9,16.5
772,27,26.6,32,15.4,-,41,0,2.6,8.5,20.6
773,28,,,,,,,,,
774,29,,,,,,,,,
775,30,,,,,,,,,
776,31,-,-,-,-,-,-,-,-,-
777,,,,,,,,,,
778,,,,,,,,,,
779,1,25.9,31,16.5,-,52,0,1.9,6.1,16.5
780,2,26.3,33,16.2,-,49,0,1.9,6.9,16.5
781,3,26.1,32.5,15.4,-,43,0,2.3,8.1,16.5
782,4,,,,,,,,,
783,5,,,,,,,,,
784,6,,,,,,,,,
785,7,24.2,29,15.9,-,68,0,2.6,8.9,20.6
786,8,24.6,29,17.2,-,61,0,2.6,9.3,22.2
787,9,24.5,29,16.8,-,50,0,2.9,9.8,22.2
788,10,,,,,,,,,
789,11,,,,,,,,,
790,12,,,,,,,,,
791,13,24.4,31,13.6,-,49,0,2.4,9.3,20.6
792,14,25.5,32,16.4,-,58,0,2.4,9.8,20.6
793,15,25.8,33,18.2,-,66,0,1.9,8.3,18.3
794,16,,,,,,,,,
795,17,,,,,,,,,
796,18,,,,,,,,,
797,19,26.3,32,17,-,49,0,2.4,9.3,18.3
798,20,26.3,32,17.1,-,47,0,2.3,8,20.6
799,21,27.1,32,16.5,-,43,0,2.4,7.6,16.5
800,22,,,,,,,,,
801,23,,,,,,,,,
802,24,,,,,,,,,
803,25,28.5,34,19,-,39,0,2.4,7.6,18.3
804,26,27.1,32,18.8,-,45,0,2.7,11.9,22.2
805,27,25.1,30,16.4,-,48,0,3.7,9.8,20.6
806,28,,,,,,,,,
807,29,,,,,,,,,
808,30,,,,,,,,,
809,31,27.3,33,17.6,-,40,0,2.1,8,18.3
810,,,,,,,,,,
811,,,,,,,,,,
812,1,26.9,33,15.9,-,47,0,2.3,5.9,16.5
813,2,27.7,33.2,18.2,-,48,0,1.9,6.7,18.3
814,3,26.4,32,18.5,-,60,0,2.4,7.4,20.6
815,4,,,,,,,,,
816,5,,,,,,,,,
817,6,,,,,,,,,
818,7,25.3,31,14,-,48,0,3.1,7.6,18.3
819,8,26.1,30,17.6,-,56,0,3.2,9.8,18.3
820,9,26.7,34,16.8,-,44,0,3.1,8,20.6
821,10,,,,,,,,,
822,11,,,,,,,,,
823,12,,,,,,,,,
824,13,27.8,34,16.4,-,44,0,2.6,8.1,18.3
825,14,29.7,36,18.3,-,38,0,2.9,8.5,18.3
826,15,30.2,37,19.3,-,37,0,3.9,8.7,24.1
827,16,,,,,,,,,
828,17,,,,,,,,,
829,18,,,,,,,,,
830,19,30,36,19.5,-,37,0,2.7,8.7,22.2
831,20,28.9,35,19.4,-,51,0,3.2,10.9,24.1
832,21,26.2,30,20.4,-,74,0,4,10.4,24.1
833,22,,,,,,,,,
834,23,,,,,,,,,
835,24,,,,,,,,,
836,25,30.1,39,18.2,-,35,0,3.2,8,22.2
837,26,30.2,37,17.4,-,32,0,3.5,10,22.2
838,27,29.8,36,19.7,-,39,0,2.7,6.7,18.3
839,28,,,,,,,,,
840,,,,,,,,,,
841,,,,,,,,,,
842,1,30.6,37,18.7,-,39,0,3.1,8.3,18.3
843,2,29.2,35,19.3,-,43,0,3.5,9.3,22.2
844,3,28.1,33,20.5,-,53,0,3.4,9.1,20.6
845,4,,,,,,,,,
846,5,,,,,,,,,
847,6,,,,,,,,,
848,7,27.1,31,18.4,-,66,0,2.9,9.3,20.6
849,8,27.6,31.6,19.8,-,62,0,3.5,9.1,22.2
850,9,27.7,32,20.8,-,57,0,4.3,11.5,20.6
851,10,,,,,,,,,
852,11,,,,,,,,,
853,12,,,,,,,,,
854,13,27.4,32.2,15.2,-,31,0,3.5,9.4,22.2
855,14,28.7,36,16.2,-,39,0,3.5,9.1,20.6
856,15,28.9,33,19.4,-,47,0,3.2,9.6,22.2
857,16,,,,,,,,,
858,17,,,,,,,,,
859,18,,,,,,,,,
860,19,27.8,34,20.6,-,72,0,4.2,11.9,22.2
861,20,28.7,35,20.2,-,68,0,3.9,10.7,25.9
862,21,28.6,32,21.9,-,74,0,3.5,10.9,22.2
863,22,,,,,,,,,
864,23,,,,,,,,,
865,24,,,,,,,,,
866,25,30,34,21.4,-,60,0,3.9,11.9,29.4
867,26,31.4,36,22.2,-,52,0,3.7,11.5,27.8
868,27,32.8,39,21.5,-,46,0,3.5,10.9,25.9
869,28,,,,,,,,,
870,29,,,,,,,,,
871,30,,,,,,,,,
872,31,30.3,34,24,-,64,0,3.4,9.6,24.1
873,,,,,,,,,,
874,,,,,,,,,,
875,1,28.9,32,23,-,73,0,3.9,9.6,18.3
876,2,29.2,33.2,23.4,-,68,0,4,10.7,20.6
877,3,29.5,34,22.7,-,70,0,3.9,9.8,20.6
878,4,,,,,,,,,
879,5,,,,,,,,,
880,6,,,,,,,,,
881,7,28.8,33,22.8,-,57,0,3.7,10.4,22.2
882,8,29.4,34,19,-,51,0,2.9,11.9,25.9
883,9,31.8,37,20.4,-,44,0,2.4,8.7,22.2
884,10,,,,,,,,,
885,11,,,,,,,,,
886,12,,,,,,,,,
887,13,30.8,35,22,-,67,0,3.1,10.6,20.6
888,14,30.2,34.2,24.8,-,74,0,3.4,12,24.1
889,15,29.8,33,25.4,-,77,0,3.7,9.4,24.1
890,16,,,,,,,,,
891,17,,,,,,,,,
892,18,,,,,,,,,
893,19,30.2,33.6,25,-,72,0,4.2,13,24.1
894,20,30,33.2,24.2,-,74,0,3.9,11.3,20.6
895,21,30,34,25,-,70,0,4,13.9,25.9
896,22,,,,,,,,,
897,23,,,,,,,,,
898,24,,,,,,,,,
899,25,29.6,33,23.8,-,62,0,4,12.4,22.2
900,26,29.5,33,23.4,-,68,0,3.4,11.5,25.9
901,27,29.8,34,24,-,68,0,3.9,11.3,27.8
902,28,,,,,,,,,
903,29,,,,,,,,,
904,30,,,,,,,,,
905,,,,,,,,,,
906,,,,,,,,,,
907,1,30.2,33.5,25.4,-,71,0,3.7,10.4,24.1
908,2,29.4,32,24,-,76,0,3.9,10.9,24.1
909,3,29.8,32.2,24.2,-,75,0,3.9,9.8,20.6
910,4,,,,,,,,,
911,5,,,,,,,,,
912,6,,,,,,,,,
913,7,30.7,33.6,27,-,70,0,4.3,11.1,22.2
914,8,31.1,40,26,-,70,0,3.7,12,24.1
915,9,30.7,34,24.6,-,71,0,4.7,10.7,22.2
916,10,,,,,,,,,
917,11,,,,,,,,,
918,12,,,,,,,,,
919,13,31.3,35,25.5,-,67,-,3.4,8.9,25.9
920,14,31.1,34.5,26.4,-,74,0,4,12.8,24.1
921,15,31,34.2,27.1,-,70,0,4.8,14.4,25.9
922,16,,,,,,,,,
923,17,,,,,,,,,
924,18,,,,,,,,,
925,19,30.8,33.5,26.4,-,70,0,4.5,11.7,22.2
926,20,30.8,33.6,25.7,-,68,0,4.8,13.5,24.1
927,21,30.9,34,25.8,-,64,0,4.8,13.1,27.8
928,22,,,,,,,,,
929,23,,,,,,,,,
930,24,,,,,,,,,
931,25,31.1,34,28,-,73,0,5,14.3,24.1
932,26,31,33.7,27.8,-,71,0,5.1,17,22.2
933,27,31.2,34.2,27.8,-,71,0,4.5,17,24.1
934,28,,,,,,,,,
935,29,,,,,,,,,
936,30,,,,,,,,,
937,31,31.6,34,28.4,-,72,-,4.8,16.7,25.9
938,,,,,,,,,,
939,,,,,,,,,,
940,1,31.2,35,27.2,-,75,-,4.2,13,25.9
941,2,31.1,34,25.4,-,74,0,4.7,12.8,22.2
942,3,31.3,34.2,28,-,71,-,4.5,16.3,33.5
943,4,,,,,,,,,
944,5,,,,,,,,,
945,6,,,,,,,,,
946,7,28.8,34.5,25,-,79,0,3.2,14.8,27.8
947,8,28.6,32.2,24.2,-,79,-,3.7,10.9,24.1
948,9,28.4,32,24.2,-,82,-,3.1,13,22.2
949,10,,,,,,,,,
950,11,,,,,,,,,
951,12,,,,,,,,,
952,13,28.9,31.6,24.1,-,83,0,3.4,10.4,18.3
953,14,29.6,33.2,25,-,81,-,4,12,22.2
954,15,29.7,32,25.2,-,81,-,5,13.1,25.9
955,16,,,,,,,,,
956,17,,,,,,,,,
957,18,,,,,,,,,
958,19,30.7,34,27.5,-,76,-,3.7,14.8,22.2
959,20,30.8,33,26.8,-,74,-,3.7,17,25.9
960,21,30,33,27,-,76,-,3.2,18.1,27.8
961,22,,,,,,,,,
962,23,,,,,,,,,
963,24,,,,,,,,,
964,25,25.9,27,22,-,91,-,2.3,10.4,25.9
965,26,28.3,33,25.1,-,85,6.1,2.6,15.4,29.4
966,27,28,30,25,-,87,-,2.1,18,31.7
967,28,,,,,,,,,
968,29,,,,,,,,,
969,30,,,,,,,,,
970,,,,,,,,,,
971,,,,,,,,,,
972,1,28.4,31,24.4,-,86,0,2.3,21.5,40.7
973,2,28.2,31,24.2,-,86,-,2.3,17.8,25.9
974,3,29.8,32,25.2,-,80,-,2.9,19.3,27.8
975,4,,,,,,,,,
976,5,,,,,,,,,
977,6,,,,,,,,,
978,7,29.7,32.2,25.5,-,79,-,3.4,19.4,31.7
979,8,29.4,31.5,26.2,-,79,-,3.4,16.5,25.9
980,9,29.4,32,24.6,-,78,-,3.4,12.2,27.8
981,10,,,,,,,,,
982,11,,,,,,,,,
983,12,,,,,,,,,
984,13,28.8,31,26,-,82,-,2.9,20.6,31.7
985,14,28.2,30,24.2,-,84,-,2.3,19.1,37
986,15,27.4,29,23.4,-,86,-,2.3,20.2,37
987,16,,,,,,,,,
988,17,,,,,,,,,
989,18,,,,,,,,,
990,19,27.1,29,24.2,-,92,-,2.4,11.7,20.6
991,20,27.5,30,24.6,-,90,-,2.3,16.1,27.8
992,21,27.4,29,24.5,-,92,-,1.8,22.4,37
993,22,,,,,,,,,
994,23,,,,,,,,,
995,24,,,,,,,,,
996,25,28.4,30,24.8,-,83,-,2.7,19.3,29.4
997,26,28.6,30,26.4,-,82,-,2.9,20,31.7
998,27,28.3,30,25.9,-,85,-,2.6,21.7,31.7
999,28,,,,,,,,,
1000,29,,,,,,,,,
1001,30,,,,,,,,,
1002,31,27.8,30.2,24.9,-,86,-,2.7,15.9,25.9
1003,,,,,,,,,,
1004,,,,,,,,,,
1005,1,28.3,31,24.8,-,84,-,2.9,18.1,31.7
1006,2,28.6,30.7,26.5,-,81,2.03,3.7,17,25.9
1007,3,28.6,30.6,25.5,-,82,0,3.5,19.1,31.7
1008,4,,,,,,,,,
1009,5,,,,,,,,,
1010,6,,,,,,,,,
1011,7,28.9,32,26.4,-,80,-,3.4,12.2,24.1
1012,8,29,31.6,25.6,-,79,-,3.5,13.7,24.1
1013,9,28.8,31.6,26.2,-,79,-,3.5,16.3,29.4
1014,10,,,,,,,,,
1015,11,,,,,,,,,
1016,12,,,,,,,,,
1017,13,28.2,31,25.4,-,82,-,3.1,14.4,24.1
1018,14,26.8,30,24.5,-,89,50.04,2.6,11.5,24.1
1019,15,27.6,29,23.7,-,86,-,3.1,9.6,18.3
1020,16,,,,,,,,,
1021,17,,,,,,,,,
1022,18,,,,,,,,,
1023,19,27.3,29,25.6,-,88,-,2.3,12.2,20.6
1024,20,24.6,28,22.6,-,92,-,2.1,11.1,24.1
1025,21,25.5,28,21.8,-,90,-,2.4,7.2,22.2
1026,22,,,,,,,,,
1027,23,,,,,,,,,
1028,24,,,,,,,,,
1029,25,26.9,29,25,-,91,-,2.3,16.1,29.4
1030,26,27.5,29,24.2,-,88,-,2.4,15.2,24.1
1031,27,28,30,25,-,87,-,2.6,15.4,24.1
1032,28,,,,,,,,,
1033,29,,,,,,,,,
1034,30,,,,,,,,,
1035,31,28.6,32,25.8,-,80,-,3.2,15.6,27.8
1036,,,,,,,,,,
1037,,,,,,,,,,
1038,1,27.9,31,26,-,84,0,3.2,11.9,25.9
1039,2,27.8,31,25,-,85,-,3.1,13.3,24.1
1040,3,27.6,30.2,25,-,87,-,3.4,8.9,16.5
1041,4,,,,,,,,,
1042,5,,,,,,,,,
1043,6,,,,,,,,,
1044,7,29.4,32,25,-,77,0,3.7,11.3,24.1
1045,8,29.2,32.4,27,-,81,-,2.7,10,22.2
1046,9,29.1,31,26.4,-,82,1.02,2.6,9.3,16.5
1047,10,,,,,,,,,
1048,11,,,,,,,,,
1049,12,,,,,,,,,
1050,13,28.5,31,23.6,-,84,-,3.1,7.6,14.8
1051,14,29.1,32.5,25,-,80,-,2.7,7.8,20.6
1052,15,28.1,31.5,24,-,82,-,3.2,7.6,20.6
1053,16,,,,,,,,,
1054,17,,,,,,,,,
1055,18,,,,,,,,,
1056,19,27.2,32,24,-,87,136.91,2.3,16.5,40.7
1057,20,24.9,27,23.8,-,94,-,1.8,12.4,25.9
1058,21,26.8,30,24,-,88,62.99,2.1,10.2,22.2
1059,22,,,,,,,,,
1060,23,,,,,,,,,
1061,24,,,,,,,,,
1062,25,28.9,31,25.7,-,77,-,4.2,10.6,24.1
1063,26,29.1,32,24.5,1007.9,77,0,3.5,8.9,20.6
1064,27,30,34,26.6,-,79,0,2.7,11.3,20.6
1065,28,,,,,,,,,
1066,29,,,,,,,,,
1067,30,,,,,,,,,
1068,,,,,,,,,,
1069,,,,,,,,,,
1070,1,30.4,33,27,-,77,0,2.9,10.4,24.1
1071,2,30.6,34,26.6,-,72,0,2.9,9.3,22.2
1072,3,30.6,34,25.8,-,73,0,2.9,9.4,20.6
1073,4,,,,,,,,,
1074,5,,,,,,,,,
1075,6,,,,,,,,,
1076,7,28.2,32.4,24.6,-,82,13.97,2.4,8.7,20.6
1077,8,28.4,36,24.8,-,80,7.11,3.5,10,20.6
1078,9,28.9,31.6,25,-,81,-,2.9,6.3,20.6
1079,10,,,,,,,,,
1080,11,,,,,,,,,
1081,12,,,,,,,,,
1082,13,28.8,32,26.2,-,83,0.76,2.6,6.9,18.3
1083,14,28.1,31,25.8,-,85,6.1,2.6,8.5,20.6
1084,15,28.4,32,25.4,-,84,9.91,2.6,7.6,18.3
1085,16,,,,,,,,,
1086,17,,,,,,,,,
1087,18,,,,,,,,,
1088,19,29.9,34,24,-,72,0,2.4,7.2,20.6
1089,20,29,32.4,23.4,-,76,0,2.3,8,18.3
1090,21,29.2,32,26.2,-,80,0,2.6,10.4,22.2
1091,22,,,,,,,,,
1092,23,,,,,,,,,
1093,24,,,,,,,,,
1094,25,30.5,36,21.4,-,47,0,3.5,7,20.6
1095,26,30.8,36.2,23.3,-,48,0,3.5,8.7,18.3
1096,27,29.6,34,23.7,-,63,0,3.1,9.3,24.1
1097,28,,,,,,,,,
1098,29,,,,,,,,,
1099,30,,,,,,,,,
1100,31,30.3,35.4,23.6,-,41,0,3.4,9.3,14.8
1101,,,,,,,,,,
1102,,,,,,,,,,
1103,1,30.3,35,22.6,-,36,0,3.4,9.3,18.3
1104,2,30.2,35,24.4,-,36,0,2.9,10.4,18.3
1105,3,29.7,34.4,22,-,38,0,3.2,10.9,22.2
1106,4,,,,,,,,,
1107,5,,,,,,,,,
1108,6,,,,,,,,,
1109,7,29.6,35,23.1,-,55,0,3.5,8.3,16.5
1110,8,29.4,34,22.4,-,51,0,3.4,8,18.3
1111,9,29.7,35,21.5,-,44,0,3.4,8.9,16.5
1112,10,,,,,,,,,
1113,11,,,,,,,,,
1114,12,,,,,,,,,
1115,13,27.5,35,19.3,-,51,0,2.6,7.8,18.3
1116,14,27.5,33,20,-,51,0,2.9,5.9,18.3
1117,15,28.3,33,20,-,43,0,2.4,7.6,14.8
1118,16,,,,,,,,,
1119,17,,,,,,,,,
1120,18,,,,,,,,,
1121,19,29.5,35,18.5,-,40,0,3.4,7.6,16.5
1122,20,28.7,34,21.4,-,58,-,2.9,6.1,14.8
1123,21,29.5,33.2,22.4,-,59,0,2.7,8.7,16.5
1124,22,,,,,,,,,
1125,23,,,,,,,,,
1126,24,,,,,,,,,
1127,25,27.8,34,19.1,-,58,0,2.4,6.5,18.3
1128,26,27.8,34.6,20.2,1011.8,56,0,2.1,5.6,14.8
1129,27,28.1,34,19.5,-,49,0,2.3,8,14.8
1130,28,,,,,,,,,
1131,29,,,,,,,,,
1132,30,,,,,,,,,
1133,,,,,,,,,,
1134,,,,,,,,,,
1135,1,28.6,33,19.1,-,41,0,3.1,10.4,18.3
1136,2,28.7,34,20,-,44,0,3.5,10.4,22.2
1137,3,28.7,34,21.6,-,52,0,2.7,10,16.5
1138,4,,,,,,,,,
1139,5,,,,,,,,,
1140,6,,,,,,,,,
1141,7,24.1,28,18,-,73,0,2.6,9.6,20.6
1142,8,25.7,29,18.6,-,77,0,1.8,7.6,18.3
1143,9,26.2,29,21.9,-,82,0,1.1,8.5,22.2
1144,10,,,,,,,,,
1145,11,,,,,,,,,
1146,12,,,,,,,,,
1147,13,24.2,27.6,17.3,-,59,0,3.5,8.7,18.3
1148,14,24.1,28,15.8,-,63,0,2.7,7,18.3
1149,15,25.4,29.2,17.4,-,68,0,2.1,7.4,16.5
1150,16,,,,,,,,,
1151,17,,,,,,,,,
1152,18,,,,,,,,,
1153,19,27.3,32.7,19.8,-,39,0,3.1,9.3,18.3
1154,20,26.9,33,17.6,-,37,0,3.2,8.5,18.3
1155,21,26.9,33,15.2,-,43,0,3.4,8.1,18.3
1156,22,,,,,,,,,
1157,23,,,,,,,,,
1158,24,,,,,,,,,
1159,25,26.2,32,16.5,-,56,0,2.4,7.4,16.5
1160,26,27.1,33.2,18.6,-,44,0,2.9,7.4,20.6
1161,27,26.6,32,16.6,-,43,0,2.9,7.6,14.8
1162,28,,,,,,,,,
1163,29,,,,,,,,,
1164,30,,,,,,,,,
1165,31,-,-,-,-,-,-,-,-,-
1166,,,,,,,,,,
1167,,,,,,,,,,
1168,1,25.1,31,15.5,-,49,0,2.6,6.5,20.6
1169,2,24,28,14.1,-,56,0,2.3,6.3,18.3
1170,3,24.8,30,16.4,-,66,0,1.9,6.5,18.3
1171,4,,,,,,,,,
1172,5,,,,,,,,,
1173,6,,,,,,,,,
1174,7,23.3,28,13.8,-,45,0,3.5,8.5,18.3
1175,8,23.7,28,13.6,-,58,0,2.7,7.2,18.3
1176,9,25.4,32,16.6,-,56,0,2.1,6.3,16.5
1177,10,,,,,,,,,
1178,11,,,,,,,,,
1179,12,,,,,,,,,
1180,13,28.2,34,20,-,54,0,2.4,9.6,16.5
1181,14,28.3,33,21.8,-,58,-,2.3,7,18.3
1182,15,29,34,21,-,57,0,2.3,6.9,18.3
1183,16,,,,,,,,,
1184,17,,,,,,,,,
1185,18,,,,,,,,,
1186,19,27.3,33,18.2,-,42,0,3.9,10.9,24.1
1187,20,27,33.2,16.8,-,46,0,3.1,6.9,18.3
1188,21,27.3,33,17,-,42,0,3.2,7.8,18.3
1189,22,,,,,,,,,
1190,23,,,,,,,,,
1191,24,,,,,,,,,
1192,25,25.2,31,15.1,-,48,0,3.2,7.4,16.5
1193,26,25.8,31,15.6,-,41,0,3.2,8.7,18.3
1194,27,25.2,30,15.6,-,45,0,4.2,7.4,20.6
1195,28,,,,,,,,,
1196,29,,,,,,,,,
1197,30,,,,,,,,,
1198,31,28.3,35.6,16.4,-,33,0,2.9,7.4,18.3
1199,,,,,,,,,,
1200,,,,,,,,,,
1201,1,27.4,34,15.8,-,41,0,2.4,6.7,16.5
1202,2,27.4,33,17,-,48,0,2.9,8.9,18.3
1203,3,27.5,32,16.9,-,48,0,2.6,8.3,20.6
1204,4,,,,,,,,,
1205,5,,,,,,,,,
1206,6,,,,,,,,,
1207,7,26.3,31,21.5,-,64,0,1.6,8.7,18.3
1208,8,25.7,32,18.2,-,67,0,2.6,8.7,22.2
1209,9,26.3,31,16.7,-,44,0,3.1,9.6,18.3
1210,10,,,,,,,,,
1211,11,,,,,,,,,
1212,12,,,,,,,,,
1213,13,25.3,30,15.8,-,55,0,3.2,9.3,20.6
1214,14,29,35,16.8,-,47,0,3.4,14.1,24.1
1215,15,29.7,34.2,23.4,-,45,0,3.4,11.9,18.3
1216,16,,,,,,,,,
1217,17,,,,,,,,,
1218,18,,,,,,,,,
1219,19,28.2,35,17.4,-,45,0,2.4,7.8,22.2
1220,20,27.7,33,19.4,-,56,0,2.4,9.4,22.2
1221,21,28.8,32.2,19.2,-,44,0,2.7,9.4,18.3
1222,22,,,,,,,,,
1223,23,,,,,,,,,
1224,24,,,,,,,,,
1225,25,30.7,37,20.5,-,38,0,2.7,9.3,20.6
1226,26,30.6,36,20.6,-,33,0,3.1,8.7,22.2
1227,27,30.9,38,20.6,-,34,0,2.7,8.1,20.6
1228,28,,,,,,,,,
1229,,,,,,,,,,
1230,,,,,,,,,,
1231,1,29.3,33,20.2,-,53,0,1.8,8,18.3
1232,2,29.5,34,21.4,-,57,0,2.3,5.9,18.3
1233,3,29.3,35,22,-,63,0,2.4,8.9,16.5
1234,4,,,,,,,,,
1235,5,,,,,,,,,
1236,6,,,,,,,,,
1237,7,28.2,32,24,-,63,0,3.5,11.3,22.2
1238,8,27.9,31,20,-,57,0,3.5,10.2,25.9
1239,9,28.9,35,19,-,44,0,4,11.7,22.2
1240,10,,,,,,,,,
1241,11,,,,,,,,,
1242,12,,,,,,,,,
1243,13,31.4,36,22.2,-,25,0,4,11.7,22.2
1244,14,31.4,37,23.5,-,26,0,4.3,13.3,24.1
1245,15,28.2,30,24.8,-,55,0,2.9,7,14.8
1246,16,,,,,,,,,
1247,17,,,,,,,,,
1248,18,,,,,,,,,
1249,19,28.7,33,22,-,60,0,3.9,10.7,24.1
1250,20,28.2,32,21,-,68,0,3.7,10.4,22.2
1251,21,27.8,32,21.6,-,62,0,4,12.4,25.9
1252,22,,,,,,,,,
1253,23,,,,,,,,,
1254,24,,,,,,,,,
1255,25,33,42,21.2,-,38,0,3.5,8.9,22.2
1256,26,32.7,39,22.4,-,36,0,3.4,10.6,25.9
1257,27,29.1,33,24.4,-,78,0,3.4,10.7,24.1
1258,28,,,,,,,,,
1259,29,,,,,,,,,
1260,30,,,,,,,,,
1261,31,28.4,32,23.6,-,75,0,4.2,10,22.2
1262,,,,,,,,,,
1263,,,,,,,,,,
1264,1,28.7,32,22.2,-,70,0,3.5,9.6,22.2
1265,2,29,33,21,-,64,0,4.3,9.3,22.2
1266,3,29.1,33,22,-,64,0,4.2,9.1,22.2
1267,4,,,,,,,,,
1268,5,,,,,,,,,
1269,6,,,,,,,,,
1270,7,29.8,33.4,23.5,-,64,0,3.9,8.7,25.9
1271,8,29.6,34,22.3,-,65,0,3.9,10,24.1
1272,9,30.1,35,20.8,-,56,0,4,10.9,27.8
1273,10,,,,,,,,,
1274,11,,,,,,,,,
1275,12,,,,,,,,,
1276,13,29.4,33,23.4,-,75,0,3.9,11.5,25.9
1277,14,29.6,33,23.5,-,74,0,3.7,11.5,25.9
1278,15,29.8,33,24.6,-,74,0,4.2,11.3,25.9
1279,16,,,,,,,,,
1280,17,,,,,,,,,
1281,18,,,,,,,,,
1282,19,31.6,35,24.6,-,59,0,3.7,10.4,24.1
1283,20,30.5,34,23.8,-,66,0,4.7,10.9,24.1
1284,21,30.6,34,24.2,-,70,0,3.9,9.8,24.1
1285,22,,,,,,,,,
1286,23,,,,,,,,,
1287,24,,,,,,,,,
1288,25,30.2,35,23.4,-,64,0,4,10.7,27.8
1289,26,29.4,32.6,23.4,-,70,0,4.2,9.6,24.1
1290,27,29.5,35,23,-,71,0,3.9,10.7,25.9
1291,28,,,,,,,,,
1292,29,,,,,,,,,
1293,30,,,,,,,,,
1294,,,,,,,,,,
1295,,,,,,,,,,
1296,1,29.8,33.2,24.1,-,72,0,4.7,12,25.9
1297,2,29.8,33,24,-,72,0,4.8,12,22.2
1298,3,30.1,34,24.5,-,72,0,4.2,11.5,24.1
1299,4,,,,,,,,,
1300,5,,,,,,,,,
1301,6,,,,,,,,,
1302,7,30.9,34,26.5,-,66,0,4.5,10.2,22.2
1303,8,30.6,33.4,25,-,69,0,4.5,11.7,24.1
1304,9,31.1,34.6,25,-,69,0,4.3,13.7,24.1
1305,10,,,,,,,,,
1306,11,,,,,,,,,
1307,12,,,,,,,,,
1308,13,30.9,34,25.5,-,72,0,3.9,11.3,22.2
1309,14,30.8,34,25.6,-,70,0,4.8,13.1,24.1
1310,15,30.9,33.8,26.4,-,70,0,4.3,10.9,24.1
1311,16,,,,,,,,,
1312,17,,,,,,,,,
1313,18,,,,,,,,,
1314,19,31.2,34.2,27.1,-,71,0,4.7,12.6,24.1
1315,20,31.2,34.6,25.4,-,69,0,4.5,12.2,20.6
1316,21,31.2,34.4,26.5,-,68,0,4.5,11.1,22.2
1317,22,,,,,,,,,
1318,23,,,,,,,,,
1319,24,,,,,,,,,
1320,25,31.3,33,28.4,-,68,0,5.3,14.8,27.8
1321,26,31.7,34,28.4,-,72,0,4.5,14.4,27.8
1322,27,31.7,34,28.6,-,74,0,4,14.6,25.9
1323,28,,,,,,,,,
1324,29,,,,,,,,,
1325,30,,,,,,,,,
1326,31,31.7,34.8,28.4,-,70,0,4.5,15.4,24.1
1327,,,,,,,,,,
1328,,,,,,,,,,
1329,1,31.9,35.2,28.3,-,70,0.25,4.2,12.4,27.8
1330,2,30.4,34.6,25,-,75,0,3.9,12.2,22.2
1331,3,30.9,34.2,23,-,72,25.91,4.2,11.5,22.2
1332,4,,,,,,,,,
1333,5,,,,,,,,,
1334,6,,,,,,,,,
1335,7,28.1,30,25.2,-,87,19.05,2.6,9.3,27.8
1336,8,30.6,33.8,25.6,-,79,40.89,3.1,15.9,25.9
1337,9,27.6,30,24.5,-,92,37.08,2.1,13.5,25.9
1338,10,,,,,,,,,
1339,11,,,,,,,,,
1340,12,,,,,,,,,
1341,13,31.2,33.8,28.2,-,74,0,4,19.8,29.4
1342,14,30.7,33.6,28,-,74,0.25,3.4,14.3,22.2
1343,15,30.1,33.8,27,-,73,7.11,3.9,15.6,27.8
1344,16,,,,,,,,,
1345,17,,,,,,,,,
1346,18,,,,,,,,,
1347,19,29.6,32.6,24.5,-,80,2.03,3.9,11.5,22.2
1348,20,30.7,32.6,26,-,77,0.51,3.2,13.1,22.2
1349,21,30.7,33,27.6,-,77,0.25,3.5,14.3,20.6
1350,22,,,,,,,,,
1351,23,,,,,,,,,
1352,24,,,,,,,,,
1353,25,27.9,29.4,22.8,-,88,230.89,2.1,18,29.4
1354,26,29.4,31,25.4,-,81,53.09,2.7,21.7,38.9
1355,27,29.7,32.3,26.2,-,80,2.03,2.9,16.7,27.8
1356,28,,,,,,,,,
1357,29,,,,,,,,,
1358,30,,,,,,,,,
1359,,,,,,,,,,
1360,,,,,,,,,,
1361,1,28.9,32.6,23.7,-,79,2.03,4.2,15.2,24.1
1362,2,27.3,30,25,-,87,0.51,3.1,15,22.2
1363,3,26.6,28,22.3,1004.9,93,131.06,2.1,10.9,20.6
1364,4,,,,,,,,,
1365,5,,,,,,,,,
1366,6,,,,,,,,,
1367,7,27.6,29,25,-,89,6.1,2.4,13.1,24.1
1368,8,25.6,27,22.6,-,94,131.06,1.8,10.6,22.2
1369,9,25.6,28,22.2,-,95,121.92,1.9,10.4,22.2
1370,10,,,,,,,,,
1371,11,,,,,,,,,
1372,12,,,,,,,,,
1373,13,28.2,30.4,27,-,86,3.05,2.3,19.8,25.9
1374,14,28.1,29.2,26,-,88,16,2.1,23.3,35.2
1375,15,27.3,29,25.6,-,92,38.1,1.6,25.7,37
1376,16,,,,,,,,,
1377,17,,,,,,,,,
1378,18,,,,,,,,,
1379,19,28.4,31.2,26.1,-,83,2.03,2.9,20.4,31.7
1380,20,27.7,30,25.3,-,86,5.08,2.1,20.2,31.7
1381,21,27.9,30,25,-,85,18.03,2.3,20.7,29.4
1382,22,,,,,,,,,
1383,23,,,,,,,,,
1384,24,,,,,,,,,
1385,25,28.5,31,26.6,-,81,1.02,3.1,18.1,27.8
1386,26,28.1,29.6,26.8,-,83,1.02,2.9,18.3,27.8
1387,27,27.8,29.6,26,-,84,1.02,2.9,19.8,25.9
1388,28,,,,,,,,,
1389,29,,,,,,,,,
1390,30,,,,,,,,,
1391,31,28.6,31.4,27.2,-,80,0,2.9,20.4,29.4
1392,,,,,,,,,,
1393,,,,,,,,,,
1394,1,28.4,31.4,27,-,82,-,2.6,20.2,31.7
1395,2,28.4,31,27,-,81,2.03,3.1,18.1,25.9
1396,3,28.2,30.6,26.5,-,83,3.05,2.9,18.3,25.9
1397,4,,,,,,,,,
1398,5,,,,,,,,,
1399,6,,,,,,,,,
1400,7,28.3,30,26.6,-,81,2.03,3.2,18.9,31.7
1401,8,28.4,30,26.8,-,81,0.76,3.1,18.9,27.8
1402,9,27.7,29,26.5,-,84,2.03,3.1,19.3,29.4
1403,10,,,,,,,,,
1404,11,,,,,,,,,
1405,12,,,,,,,,,
1406,13,27.4,29,23.2,-,86,10.92,2.9,20.2,29.4
1407,14,28.2,30,24.6,-,83,6.1,3.1,21.7,31.7
1408,15,27.6,29,22.2,-,85,0.51,2.6,20,25.9
1409,16,,,,,,,,,
1410,17,,,,,,,,,
1411,18,,,,,,,,,
1412,19,27.6,30,25,-,85,7.87,3.1,20.2,31.7
1413,20,27.2,29,24.2,-,85,16,2.7,19.3,29.4
1414,21,26.7,28,24.6,-,89,5.08,2.6,16.7,25.9
1415,22,,,,,,,,,
1416,23,,,,,,,,,
1417,24,,,,,,,,,
1418,25,27.5,29,24.4,-,82,5.08,2.7,19.8,25.9
1419,26,27,29.4,23.5,-,85,11.94,2.6,15.7,25.9
1420,27,27.2,30.4,25,-,84,8.89,2.6,12.4,24.1
1421,28,,,,,,,,,
1422,29,,,,,,,,,
1423,30,,,,,,,,,
1424,31,28.1,30.4,25,-,79,7.11,4.5,17.6,29.4
1425,,,,,,,,,,
1426,,,,,,,,,,
1427,1,28.1,30.6,25.6,-,81,2.03,3.4,17,25.9
1428,2,27.6,30,25,-,80,16,3.1,20.9,27.8
1429,3,27.9,30,24.6,-,79,3.05,3.1,20.2,27.8
1430,4,,,,,,,,,
1431,5,,,,,,,,,
1432,6,,,,,,,,,
1433,7,27.9,30.2,23.6,-,72,0,3.7,15.4,24.1
1434,8,28.3,31,23.9,-,72,1.02,4.3,14.8,27.8
1435,9,27.7,31,23.8,-,75,0.51,3.7,12.8,22.2
1436,10,,,,,,,,,
1437,11,,,,,,,,,
1438,12,,,,,,,,,
1439,13,27.6,31.2,23.5,-,77,0,3.9,11.3,18.3
1440,14,27.4,30,23.9,-,82,8.89,4,7.4,18.3
1441,15,28.6,32.1,25,-,77,0.51,4.3,11.7,25.9
1442,16,,,,,,,,,
1443,17,,,,,,,,,
1444,18,,,,,,,,,
1445,19,27.6,29,23.4,-,77,8.89,3.7,7.8,14.8
1446,20,28.2,31.1,25.4,1007.2,78,0,2.7,9.8,22.2
1447,21,29,31.8,25.6,-,80,2.03,3.4,12.4,22.2
1448,22,,,,,,,,,
1449,23,,,,,,,,,
1450,24,,,,,,,,,
1451,25,28.9,31.8,24.4,-,74,0,4,11.3,25.9
1452,26,29.7,32,24.4,-,74,0,3.9,9.8,22.2
1453,27,29.6,33,25.5,-,76,-,2.7,8.9,25.9
1454,28,,,,,,,,,
1455,29,,,,,,,,,
1456,30,,,,,,,,,
1457,,,,,,,,,,
1458,,,,,,,,,,
1459,1,31.7,37,24.2,-,58,0,3.4,9.4,16.5
1460,2,30.8,35,25.2,-,64,0,2.7,9.1,20.6
1461,3,30.9,34,25,-,66,0,2.4,9.3,20.6
1462,4,,,,,,,,,
1463,5,,,,,,,,,
1464,6,,,,,,,,,
1465,7,32,37.8,25.3,-,60,0,3.4,11.1,22.2
1466,8,31.1,36,26.8,-,71,0,2.4,9.1,18.3
1467,9,30.9,33.2,27.2,-,74,0,2.6,9.8,20.6
1468,10,,,,,,,,,
1469,11,,,,,,,,,
1470,12,,,,,,,,,
1471,13,31.9,38,26.2,-,60,0,2.3,9.3,22.2
1472,14,31.9,36,24,-,52,0,3.1,7.8,20.6
1473,15,31.9,38,23.5,-,49,0,3.4,7.4,22.2
1474,16,,,,,,,,,
1475,17,,,,,,,,,
1476,18,,,,,,,,,
1477,19,29.4,34,22.6,-,69,4.06,3.2,9.3,18.3
1478,20,30.7,35,24.5,-,69,0,2.7,8.9,20.6
1479,21,30.4,34,25.2,-,76,0,2.3,8,18.3
1480,22,,,,,,,,,
1481,23,,,,,,,,,
1482,24,,,,,,,,,
1483,25,30.4,36,22,-,53,0,3.4,10.4,18.3
1484,26,31.5,37,25.4,-,45,0,3.2,8.3,18.3
1485,27,30.6,37,22.8,-,48,0,3.1,9.4,22.2
1486,28,,,,,,,,,
1487,29,,,,,,,,,
1488,30,,,,,,,,,
1489,31,29.6,35.6,20.8,-,44,0,3.5,10.2,20.6
1490,,,,,,,,,,
1491,,,,,,,,,,
1492,1,30.3,36,21.8,-,52,0,3.5,10.2,20.6
1493,2,30.9,36.6,22.6,-,46,0,3.9,9.6,18.3
1494,3,31.1,36.4,24.2,1010.8,58,0,4.5,11.3,22.2
1495,4,,,,,,,,,
1496,5,,,,,,,,,
1497,6,,,,,,,,,
1498,7,30.4,36,22,-,39,0,3.1,9.1,20.6
1499,8,30,36,20.3,-,49,0,2.7,7.4,16.5
1500,9,30.4,36,23.2,-,53,0,3.1,8,18.3
1501,10,,,,,,,,,
1502,11,,,,,,,,,
1503,12,,,,,,,,,
1504,13,28.5,32.8,20,-,57,0,2.7,6.3,16.5
1505,14,27.9,32,20.4,-,69,0,2.9,7.4,22.2
1506,15,29.2,35,21.4,-,52,0,3.1,8.9,18.3
1507,16,,,,,,,,,
1508,17,-,-,-,-,-,-,-,-,-
1509,18,-,-,-,-,-,-,-,-,-
1510,19,-,-,-,-,-,-,-,-,-
1511,20,-,-,-,-,-,-,-,-,-
1512,21,-,-,-,-,-,-,-,-,-
1513,22,,,,,,,,,
1514,23,,,,,,,,,
1515,24,29.6,35,20.4,-,46,0,2.7,8.3,20.6
1516,25,29.2,34,21,-,49,0,2.4,7.2,16.5
1517,26,29.1,35.2,21,-,51,0,2.3,8.1,16.5
1518,27,,,,,,,,,
1519,28,,,,,,,,,
1520,29,,,,,,,,,
1521,30,28.4,34.4,20,-,42,0,2.9,9.6,16.5
1522,,,,,,,,,,
1523,,,,,,,,,,
1524,1,28.2,33.8,19.4,-,40,0,2.7,8.3,18.3
1525,2,27.5,33.4,19,-,47,0,2.6,6.3,14.8
1526,3,27.8,33.4,20,-,51,0,2.4,7,16.5
1527,4,,,,,,,,,
1528,5,,,,,,,,,
1529,6,,,,,,,,,
1530,7,28.1,32,19.8,-,47,0,3.5,7.8,16.5
1531,8,27.8,33,18.4,-,47,0,2.7,7,16.5
1532,9,26.2,30.4,17,-,49,0,2.7,8.3,18.3
1533,10,,,,,,,,,
1534,11,,,,,,,,,
1535,12,,,,,,,,,
1536,13,26.3,32,17.9,-,41,0,3.2,13,25.9
1537,14,27.4,32.2,20.8,-,35,0,2.9,17,25.9
1538,15,27.7,32.2,22.6,-,37,0,2.9,15.7,24.1
1539,16,,,,,,,,,
1540,17,,,,,,,,,
1541,18,,,,,,,,,
1542,19,24.8,30,17.4,-,43,0,3.5,12,20.6
1543,20,24.9,31.4,15,-,45,0,3.4,10,18.3
1544,21,25.9,31.4,16,-,50,0,3.4,8.3,16.5
1545,22,,,,,,,,,
1546,23,,,,,,,,,
1547,24,,,,,,,,,
1548,25,26.6,32,19.4,-,52,0,2.9,7.8,16.5
1549,26,24.1,29,17.4,-,36,0,3.1,9.8,20.6
1550,27,24.4,31,12.4,-,29,0,3.5,12,22.2
1551,28,,,,,,,,,
1552,29,,,,,,,,,
1553,30,,,,,,,,,
1554,31,25.3,31.4,15.4,-,35,0,2.6,9.4,20.6
1555,,,,,,,,,,
1556,,,,,,,,,,
1557,1,24.8,32,14.8,-,39,0,2.4,7.6,18.3
1558,2,25.5,31,14.6,-,44,0,2.3,6.5,16.5
1559,3,25.4,32,14.7,-,44,0,2.7,5.2,16.5
1560,4,,,,,,,,,
1561,5,,,,,,,,,
1562,6,,,,,,,,,
1563,7,25.7,32.9,14.2,-,37,0,3.1,8.5,18.3
1564,8,25.2,32,16.3,-,37,0,2.7,7.6,20.6
1565,9,24.2,30,13.8,-,49,0,2.6,5.6,16.5
1566,10,,,,,,,,,
1567,11,,,,,,,,,
1568,12,,,,,,,,,
1569,13,24.2,29.6,14,-,54,0,2.3,7.6,18.3
1570,14,26.2,33,15.1,-,46,0,2.4,6.9,16.5
1571,15,27.6,32,19.6,-,42,0,2.7,9.1,18.3
1572,16,,,,,,,,,
1573,17,,,,,,,,,
1574,18,,,,,,,,,
1575,19,27.3,35,16.5,-,49,0,2.4,7.8,18.3
1576,20,27.2,34,17.9,-,53,0,2.1,6.7,14.8
1577,21,25.2,30,18.2,-,62,0,2.4,10.4,22.2
1578,22,,,,,,,,,
1579,23,,,,,,,,,
1580,24,,,,,,,,,
1581,25,22.8,28,13.4,-,37,0,3.7,13,27.8
1582,26,23.6,29.6,13.2,-,41,0,3.5,13.5,24.1
1583,27,24.7,29,18.6,-,41,0,3.4,13.7,-
1584,28,,,,,,,,,
1585,29,,,,,,,,,
1586,30,,,,,,,,,
1587,31,25.2,30,15.4,-,43,0,3.1,9.4,20.6
1588,,,,,,,,,,
1589,,,,,,,,,,
1590,1,25.3,30,16.4,-,46,0,3.1,7.8,18.3
1591,2,24.8,28,16,-,50,0,2.6,7.8,18.3
1592,3,26.6,31,17.8,-,50,0,2.4,6.9,20.6
1593,4,,,,,,,,,
1594,5,,,,,,,,,
1595,6,,,,,,,,,
1596,7,23.2,27,17.6,-,57,0,4.5,12.2,24.1
1597,8,20.9,24,13.2,-,43,0,3.7,12.2,22.2
1598,9,22.2,29.2,11,-,34,0,3.9,10.6,27.8
1599,10,,,,,,,,,
1600,11,,,,,,,,,
1601,12,,,,,,,,,
1602,13,27.7,34,19.6,-,44,0,3.5,10.4,24.1
1603,14,26.8,32,19.2,-,52,0,3.5,10.2,22.2
1604,15,25.3,31,17.6,-,53,0,3.5,9.4,25.9
1605,16,,,,,,,,,
1606,17,,,,,,,,,
1607,18,,,,,,,,,
1608,19,27.1,32,16,-,41,0,3.7,7.8,20.6
1609,20,25.9,31,18.2,-,69,0,2.6,8.5,18.3
1610,21,25.9,29,20,-,72,0,3.4,11.1,24.1
1611,22,,,,,,,,,
1612,23,,,,,,,,,
1613,24,,,,,,,,,
1614,25,27.6,33,17.5,-,41,0,4.3,9.1,22.2
1615,26,26.6,33,20,-,53,0,4.2,10.4,24.1
1616,27,25.4,29.2,17.8,-,62,0,4,10.6,24.1
1617,28,,,,,,,,,
1618,,,,,,,,,,
1619,,,,,,,,,,
1620,1,26.3,31,16.2,-,42,0,2.9,7.2,22.2
1621,2,26.5,32,18,-,62,0,3.2,11.1,24.1
1622,3,25.8,29.2,20.2,-,70,0,4.2,9.8,24.1
1623,4,,,,,,,,,
1624,5,,,,,,,,,
1625,6,,,,,,,,,
1626,7,26.2,30,18.2,-,63,0,3.4,10,25.9
1627,8,27.1,31,18.7,-,50,0,3.5,10,22.2
1628,9,28.6,32.4,20,-,43,0,3.9,10.6,22.2
1629,10,,,,,,,,,
1630,11,,,,,,,,,
1631,12,,,,,,,,,
1632,13,25.8,30.4,20,-,63,0,3.7,10.7,25.9
1633,14,26.8,30,19.4,-,51,0,4,12.6,24.1
1634,15,28.2,36,19,-,38,0,3.9,9.8,22.2
1635,16,,,,,,,,,
1636,17,,,,,,,,,
1637,18,,,,,,,,,
1638,19,27.5,32,18.5,-,57,0,4,10.9,24.1
1639,20,26.8,31,19.8,-,68,0,3.4,10.6,24.1
1640,21,26.5,30.2,20.5,-,68,0,4,10.4,24.1
1641,22,,,,,,,,,
1642,23,,,,,,,,,
1643,24,,,,,,,,,
1644,25,33.3,41,22,-,31,0,3.1,10.6,24.1
1645,26,31.8,39,23.4,-,44,0,3.1,11.7,24.1
1646,27,28.9,34,23.5,-,70,0,2.9,9.3,22.2
1647,28,,,,,,,,,
1648,29,,,,,,,,,
1649,30,,,,,,,,,
1650,31,28.8,32,24,-,73,0,3.7,10.2,22.2
1651,,,,,,,,,,
1652,,,,,,,,,,
1653,1,27.9,31.6,21.8,-,71,0,4.2,10.7,22.2
1654,2,27.9,32,21,-,74,0,3.1,11.7,24.1
1655,3,29.2,34.2,23.4,-,71,0,3.2,11.5,27.8
1656,4,,,,,,,,,
1657,5,,,,,,,,,
1658,6,,,,,,,,,
1659,7,29.2,33,23,-,73,0,3.7,11.1,25.9
1660,8,29.6,33,23.1,-,69,0,3.9,10,24.1
1661,9,29.3,33.4,23.4,-,69,0,3.9,10.9,22.2
1662,10,,,,,,,,,
1663,11,,,,,,,,,
1664,12,,,,,,,,,
1665,13,31.2,37,23,-,59,0,3.7,10.9,22.2
1666,14,30.6,34,24,-,67,0,4.3,11.1,24.1
1667,15,30.2,34,24.6,-,69,0,4.2,11.3,25.9
1668,16,,,,,,,,,
1669,17,,,,,,,,,
1670,18,,,,,,,,,
1671,19,30.6,34.6,23.5,-,55,0,4.3,10.7,24.1
1672,20,29.5,33,23.2,-,66,0,4.3,10.7,27.8
1673,21,29.1,32.4,25,-,68,0,3.9,11.3,24.1
1674,22,,,,,,,,,
1675,23,,,,,,,,,
1676,24,,,,,,,,,
1677,25,30.9,34.4,25.2,-,64,0,4.3,12.6,27.8
1678,26,31.5,34,25.2,-,66,0,4.3,10.9,25.9
1679,27,32.1,36,25.5,-,63,0,3.7,11.5,24.1
1680,28,,,,,,,,,
1681,29,,,,,,,,,
1682,30,,,,,,,,,
1683,,,,,,,,,,
1684,,,,,,,,,,
1685,1,29.5,32.4,25.7,-,69,0,4.3,13.3,25.9
1686,2,29.6,33,24.9,-,63,0,4.3,11.5,22.2
1687,3,29.3,32.8,24.2,-,66,0,4.8,13.3,29.4
1688,4,,,,,,,,,
1689,5,,,,,,,,,
1690,6,,,,,,,,,
1691,7,29.8,32.8,25,-,69,0,4.2,12.8,24.1
1692,8,29.8,33,27.4,-,67,0,4.3,13.1,29.4
1693,9,29.9,32.8,24.8,-,64,0,4.8,13.5,25.9
1694,10,,,,,,,,,
1695,11,,,,,,,,,
1696,12,,,,,,,,,
1697,13,29.8,33,25.4,-,69,0,4.5,13.3,27.8
1698,14,29.8,33,25.2,-,69,0,4.7,11.5,24.1
1699,15,30,33,25,-,68,0,4.7,12.2,27.8
1700,16,-,-,-,-,-,-,-,-,-
1701,17,-,-,-,-,-,-,-,-,-
1702,18,-,-,-,-,-,-,-,-,-
1703,19,-,-,-,-,-,-,-,-,-
1704,20,,,,,,,,,
1705,21,,,,,,,,,
1706,22,,,,,,,,,
1707,23,30.5,33.8,26.8,-,74,0,4.2,12.4,25.9
1708,24,31,34,27.2,-,71,0,4.5,13.5,27.8
1709,25,30.8,33.8,27.4,-,69,0,4.2,12.2,25.9
1710,26,,,,,,,,,
1711,27,,,,,,,,,
1712,28,,,,,,,,,
1713,29,30.9,34,27.2,-,71,0,4.2,15,27.8
1714,30,30.9,34,28.2,-,70,0,5.5,13.9,25.9
1715,31,30.9,34.2,26.6,-,69,0,4.7,15.2,25.9
1716,,,,,,,,,,
1717,,,,,,,,,,
1718,1,31.1,34.8,28,-,68,0,5.1,14.8,24.1
1719,2,31.3,34.2,27.6,-,70,0,4.5,13.7,24.1
1720,3,31.3,34.4,29.4,-,70,0,4.2,16.5,22.2
1721,4,,,,,,,,,
1722,5,,,,,,,,,
1723,6,,,,,,,,,
1724,7,31.6,34.4,28.5,-,72,0,4.2,14.4,22.2
1725,8,32,35,29.6,-,72,0,3.9,12.6,25.9
1726,9,31.7,36.4,27.8,-,70,-,3.9,13.7,25.9
1727,10,,,,,,,,,
1728,11,,,,,,,,,
1729,12,,,,,,,,,
1730,13,29.4,34.2,24.1,-,81,14.99,2.9,16.7,37
1731,14,28.7,33.6,26,-,84,17.02,2.9,15.9,35.2
1732,15,29.7,33.6,24.6,-,83,44.96,3.1,17.2,31.7
1733,16,,,,,,,,,
1734,17,,,,,,,,,
1735,18,,,,,,,,,
1736,19,29.3,32,25.7,-,83,19.05,2.9,12.4,22.2
1737,20,30.4,33.4,26.7,-,77,0.51,3.2,12.4,22.2
1738,21,30.7,33.2,28.1,-,73,0,3.7,14.3,25.9
1739,22,,,,,,,,,
1740,23,,,,,,,,,
1741,24,,,,,,,,,
1742,25,29.7,32.4,26.5,-,77,0.51,3.2,11.7,20.6
1743,26,29.6,33,26,-,80,13.97,3.4,13.5,24.1
1744,27,28.9,33,26.2,-,83,4.06,2.9,13.7,25.9
1745,28,,,,,,,,,
1746,29,,,,,,,,,
1747,30,,,,,,,,,
1748,,,,,,,,,,
1749,,,,,,,,,,
1750,1,26.3,28,24,-,95,91.95,1.6,11.7,22.2
1751,2,26.6,29,23.4,-,94,374.9,2.4,6.5,18.3
1752,3,27.4,30,24,-,90,34.04,2.7,8.1,18.3
1753,4,,,,,,,,,
1754,5,,,,,,,,,
1755,6,,,,,,,,,
1756,7,29.2,30.2,25,-,86,40.89,2.4,20.6,31.7
1757,8,28.2,30,25.1,-,89,30.99,2.1,18,29.4
1758,9,28.9,31.8,26,-,86,130.05,2.4,17.6,27.8
1759,10,,,,,,,,,
1760,11,,,,,,,,,
1761,12,,,,,,,,,
1762,13,28.6,30.4,25.4,-,87,4.06,2.7,17,27.8
1763,14,29.4,31,25.4,-,82,10.92,3.2,17,25.9
1764,15,29.6,31,27,-,82,3.05,3.2,17.6,27.8
1765,16,,,,,,,,,
1766,17,,,,,,,,,
1767,18,,,,,,,,,
1768,19,30.1,33.4,26.6,-,76,2.03,3.7,10.9,24.1
1769,20,28.6,32.2,26.2,-,85,0.25,2.6,10.6,22.2
1770,21,29.2,32.6,25.2,-,82,6.1,3.1,9.1,22.2
1771,22,,,,,,,,,
1772,23,,,,,,,,,
1773,24,,,,,,,,,
1774,25,27.9,30,24.9,-,88,38.1,2.3,17.6,27.8
1775,26,28.1,31,25,-,87,43.94,1.8,22.4,35.2
1776,27,27.8,30,24,-,88,218.95,2.3,19.6,27.8
1777,28,,,,,,,,,
1778,29,,,,,,,,,
1779,30,,,,,,,,,
1780,31,28.1,29,23.4,-,87,65.02,2.4,21.7,27.8
1781,,,,,,,,,,
1782,,,,,,,,,,
1783,1,28.4,31,25.4,-,86,12.95,2.6,22.8,33.5
1784,2,26.7,29,24.2,-,92,42.93,1.9,23.9,35.2
1785,3,26.4,28,24.6,-,94,134.11,1.6,23,40.7
1786,4,,,,,,,,,
1787,5,,,,,,,,,
1788,6,,,,,,,,,
1789,7,28.1,29,25.4,-,87,7.87,2.4,20.2,33.5
1790,8,28.3,29,26.2,-,86,1.02,2.4,23.3,33.5
1791,9,28.1,29,26,-,88,4.06,2.4,22.2,33.5
1792,10,,,,,,,,,
1793,11,,,,,,,,,
1794,12,,,,,,,,,
1795,13,28.3,30,26,-,86,1.02,2.9,16.1,24.1
1796,14,28.2,30,26,-,86,3.05,2.7,15.2,24.1
1797,15,28.3,30.6,25.2,-,84,7.87,2.7,19.8,31.7
1798,16,,,,,,,,,
1799,17,,,,,,,,,
1800,18,,,,,,,,,
1801,19,28.6,31,25.8,-,80,2.03,3.7,13.5,22.2
1802,20,29.1,31.4,25.5,-,75,1.02,4.5,12.6,25.9
1803,21,28.8,31,26,-,80,6.1,3.5,18.3,25.9
1804,22,,,,,,,,,
1805,23,,,,,,,,,
1806,24,,,,,,,,,
1807,25,27.8,30.2,25,-,81,10.92,3.1,11.9,24.1
1808,26,28.4,31,24.6,-,78,7.11,3.4,12.6,27.8
1809,27,28.6,31.2,25.8,-,77,0,3.4,15.2,27.8
1810,28,,,,,,,,,
1811,29,,,,,,,,,
1812,30,,,,,,,,,
1813,31,27.9,29.2,25.7,-,87,12.95,2.7,15.9,25.9
1814,,,,,,,,,,
1815,,,,,,,,,,
1816,1,27.2,28,25.4,-,87,16,2.4,12.2,25.9
1817,2,27.8,31.2,24.9,-,86,17.02,2.4,13.1,25.9
1818,3,26.4,29,24.6,-,94,131.06,2.1,14.6,24.1
1819,4,,,,,,,,,
1820,5,,,,,,,,,
1821,6,,,,,,,,,
1822,7,26.8,29,24.8,-,93,23.11,2.1,14.6,25.9
1823,8,26.9,29,23.6,-,93,119.13,2.1,14.1,22.2
1824,9,27.1,29,24.3,-,92,25.91,2.1,17.2,29.4
1825,10,,,,,,,,,
1826,11,,,,,,,,,
1827,12,,,,,,,,,
1828,13,27.2,29.2,23,-,90,40.89,2.6,16.1,27.8
1829,14,28.6,30.6,24.6,-,86,23.11,3.2,18.1,25.9
1830,15,26.4,30,23.5,-,89,30.99,2.7,8.5,16.5
1831,16,,,,,,,,,
1832,17,,,,,,,,,
1833,18,,,,,,,,,
1834,19,27.6,31,23.6,-,85,69.09,2.4,8.5,16.5
1835,20,27.1,29,24.7,-,89,3.05,2.4,13.7,22.2
1836,21,27.9,31.7,24.6,-,80,55.12,3.2,16.5,24.1
1837,22,,,,,,,,,
1838,23,,,,,,,,,
1839,24,,,,,,,,,
1840,25,27.7,30,24,-,88,29.97,2.7,8.1,25.9
1841,26,27.8,32,25,-,85,1.02,3.2,10.4,20.6
1842,27,27.6,30.8,23.8,-,83,28.96,3.5,14.4,24.1
1843,28,,,,,,,,,
1844,29,,,,,,,,,
1845,30,,,,,,,,,
1846,,,,,,,,,,
1847,,,,,,,,,,
1848,1,28.9,31.8,26,-,77,0.76,4.3,12.6,22.2
1849,2,29.2,31.6,24.8,-,77,0,4.2,11.5,20.6
1850,3,29,31.6,24.5,-,79,-,3.5,8.3,20.6
1851,4,,,,,,,,,
1852,5,,,,,,,,,
1853,6,,,,,,,,,
1854,7,30,33,24.8,-,73,0,2.6,9.4,20.6
1855,8,29.5,33.6,24.5,-,75,-,2.7,9.8,27.8
1856,9,28.5,33,23.5,-,74,3.05,3.1,8.7,20.6
1857,10,,,,,,,,,
1858,11,,,,,,,,,
1859,12,,,,,,,,,
1860,13,30.4,35,24.2,-,67,0.51,2.9,7.6,18.3
1861,14,31.4,35,25.6,-,62,0,2.6,10,20.6
1862,15,32.1,36.2,23.8,-,47,0,3.1,9.4,20.6
1863,16,,,,,,,,,
1864,17,,,,,,,,,
1865,18,,,,,,,,,
1866,19,25.7,27,24.4,-,86,9.91,2.6,10.2,18.3
1867,20,25.6,27.4,23.4,-,85,2.03,3.1,11.1,22.2
1868,21,27.9,32,23.4,-,77,-,3.5,10.6,20.6
1869,22,,,,,,,,,
1870,23,,,,,,,,,
1871,24,,,,,,,,,
1872,25,28.2,30,23.8,-,72,2.03,3.5,15.7,25.9
1873,26,27.3,30,24.7,-,78,0.25,3.1,8.9,22.2
1874,27,28.9,32,23,-,70,1.02,3.2,9.6,20.6
1875,28,,,,,,,,,
1876,29,,,,,,,,,
1877,30,,,,,,,,,
1878,31,30.6,34,24.6,-,58,0,4.5,11.3,18.3
1879,,,,,,,,,,
1880,,,,,,,,,,
1881,1,28.9,34.4,25,-,72,35.05,3.5,9.6,22.2
1882,2,28.7,32.8,23,-,70,0,4.2,10.9,24.1
1883,3,28.7,32.6,23.9,-,73,0,3.9,8.7,20.6
1884,4,,,,,,,,,
1885,5,,,,,,,,,
1886,6,,,,,,,,,
1887,7,28.7,32.2,24.6,-,73,-,3.5,14.6,24.1
1888,8,27.2,30.4,24,-,83,33.02,3.1,12.6,22.2
1889,9,27.7,30.4,23.8,-,79,29.97,3.2,8.9,16.5
1890,10,,,,,,,,,
1891,11,,,,,,,,,
1892,12,,,,,,,,,
1893,13,29.8,34.4,23.8,-,60,0,2.6,9.8,16.5
1894,14,28.7,33,22,-,54,0,2.9,10.2,22.2
1895,15,29.1,32.6,23.2,-,62,0,2.6,8.5,14.8
1896,16,,,,,,,,,
1897,17,,,,,,,,,
1898,18,,,,,,,,,
1899,19,29.1,34,21.4,-,55,0,2.7,7.4,14.8
1900,20,28.7,33,21.4,-,64,0,2.4,8.9,16.5
1901,21,29.5,34,22.2,-,58,0,2.6,8.5,16.5
1902,22,,,,,,,,,
1903,23,,,,,,,,,
1904,24,,,,,,,,,
1905,25,28.6,33,22.2,-,59,0,2.4,6.9,16.5
1906,26,28.1,33,20.5,-,61,0,2.4,7.4,14.8
1907,27,28.8,33.4,21.4,-,55,0,2.7,9.3,18.3
1908,28,,,,,,,,,
1909,29,,,,,,,,,
1910,30,,,,,,,,,
1911,,,,,,,,,,
1912,,,,,,,,,,
1913,1,29.4,34,23.6,-,65,0,2.4,8,16.5
1914,2,29.2,34,23.4,-,64,0,2.7,9.8,18.3
1915,3,29.4,33,23.7,-,59,0,3.7,10.6,16.5
1916,4,,,,,,,,,
1917,5,,,,,,,,,
1918,6,,,,,,,,,
1919,7,28.3,33,21.6,-,48,0,3.7,10.9,20.6
1920,8,28.1,32,22.2,-,55,0,2.7,8.9,16.5
1921,9,28.4,32,21.6,-,60,0,3.5,8.1,14.8
1922,10,,,,,,,,,
1923,11,,,,,,,,,
1924,12,,,,,,,,,
1925,13,25.9,30,19.5,-,64,0,3.1,11.5,22.2
1926,14,25.6,30.4,18,-,62,0,3.1,8.9,22.2
1927,15,26.2,31,18,-,65,0,2.7,7.8,20.6
1928,16,,,,,,,,,
1929,17,,,,,,,,,
1930,18,,,,,,,,,
1931,19,27.6,33.4,21.4,-,55,0,2.6,8.5,18.3
1932,20,27.5,32,20,-,59,0,2.6,8.5,16.5
1933,21,27.5,31,21.1,-,60,0,2.6,8.5,16.5
1934,22,,,,,,,,,
1935,23,,,,,,,,,
1936,24,,,,,,,,,
1937,25,28,31,24.2,-,70,0,1.8,7.4,16.5
1938,26,26.5,30.4,20.4,-,56,0,2.9,9.1,24.1
1939,27,26.3,32,18,-,60,0,2.7,9.4,16.5
1940,28,,,,,,,,,
1941,29,,,,,,,,,
1942,30,,,,,,,,,
1943,31,23.5,28,16.4,-,51,0,2.7,7.6,18.3
1944,,,,,,,,,,
1945,,,,,,,,,,
1946,1,23.3,28.6,15,-,60,0,2.1,6.9,16.5
1947,2,23.9,28,17.2,-,65,0,2.1,8.3,20.6
1948,3,23.3,26.8,16.6,-,62,0,2.4,10.6,24.1
1949,4,,,,,,,,,
1950,5,,,,,,,,,
1951,6,,,,,,,,,
1952,7,27.1,31.6,19.6,-,63,0,2.6,8.1,18.3
1953,8,26,29.6,19.6,-,61,0,3.2,10,18.3
1954,9,24.1,28,16.4,-,54,0,3.1,10.4,22.2
1955,10,,,,,,,,,
1956,11,,,,,,,,,
1957,12,,,,,,,,,
1958,13,25.9,29.4,21.5,-,74,0,2.7,8.9,20.6
1959,14,24.6,28.2,19,-,60,0,3.1,10.9,22.2
1960,15,23.2,27,16.9,-,53,0,3.4,9.8,22.2
1961,16,,,,,,,,,
1962,17,,,,,,,,,
1963,18,,,,,,,,,
1964,19,25.7,32,15.8,-,54,0,2.4,6.7,18.3
1965,20,26.6,33,17.6,-,56,0,2.6,8.9,18.3
1966,21,26.1,30,19,-,55,0,2.9,7.6,16.5
1967,22,,,,,,,,,
1968,23,,,,,,,,,
1969,24,,,,,,,,,
1970,25,27.9,33,19.6,-,54,0,2.7,8.7,20.6
1971,26,27.2,32,20.8,-,59,0,2.4,8.5,16.5
1972,27,25.3,30,20,-,65,0,3.4,10.4,22.2
1973,28,,,,,,,,,
1974,29,,,,,,,,,
1975,30,,,,,,,,,
1976,31,23.6,28.2,15,-,55,0,3.4,10,25.9
1977,,,,,,,,,,
1978,,,,,,,,,,
1979,1,24.8,29,15.4,-,58,0,2.9,8.1,18.3
1980,2,25.9,30,17.7,-,59,0,2.4,9.4,20.6
1981,3,24.7,28.4,18.8,-,73,0,2.3,8,18.3
1982,4,,,,,,,,,
1983,5,,,,,,,,,
1984,6,,,,,,,,,
1985,7,23.4,27,14.2,-,49,0,3.2,10.9,27.8
1986,8,25.3,29,16.6,-,50,0,2.9,14.4,24.1
1987,9,27,32.6,19.6,-,45,0,3.1,13.9,24.1
1988,10,,,,,,,,,
1989,11,,,,,,,,,
1990,12,,,,,,,,,
1991,13,29.4,34,21.7,-,45,0,3.2,9.3,20.6
1992,14,29.3,34,21.6,-,38,0,4.3,10.7,22.2
1993,15,27.8,33,19.6,-,36,0,3.5,10.9,24.1
1994,16,,,,,,,,,
1995,17,,,,,,,,,
1996,18,,,,,,,,,
1997,19,29.2,34.6,20.8,-,49,0,2.9,9.3,20.6
1998,20,28.5,34,20.4,-,49,0,3.2,10,22.2
1999,21,27.7,33.4,20.6,-,50,0,3.4,10.6,24.1
2000,22,,,,,,,,,
2001,23,,,,,,,,,
2002,24,,,,,,,,,
2003,25,29.8,37.2,18,-,26,0,3.9,10,20.6
2004,26,29.6,36.4,22,-,28,0,3.4,12,18.3
2005,27,29.5,36,20.4,-,29,0,3.1,8.9,22.2
2006,28,,,,,,,,,
2007,29,,,,,,,,,
2008,,,,,,,,,,
2009,,,,,,,,,,
2010,1,27.7,31,20.2,-,52,0,4.2,9.8,22.2
2011,2,26.6,30.4,17,-,65,0,3.4,8.7,20.6
2012,3,26.7,30.2,21.4,-,63,0,4.2,11.1,20.6
2013,4,,,,,,,,,
2014,5,,,,,,,,,
2015,6,,,,,,,,,
2016,7,25.8,29,20.4,-,59,0,3.7,12.4,24.1
2017,8,25.7,29,17.6,-,57,0,3.7,9.8,24.1
2018,9,25.9,29.4,19.2,-,67,0,3.7,10.2,24.1
2019,10,,,,,,,,,
2020,11,,,,,,,,,
2021,12,,,,,,,,,
2022,13,25.1,29,17.4,-,47,0,3.9,12.8,24.1
2023,14,25.8,31.5,16.6,-,45,0,3.5,7.4,18.3
2024,15,29.3,36,17.4,-,33,0,3.4,9.3,25.9
2025,16,,,,,,,,,
2026,17,,,,,,,,,
2027,18,,,,,,,,,
2028,19,28.4,33,21,-,51,0,4.8,8.5,22.2
2029,20,27.2,31.6,22.5,-,65,0,4.3,12,25.9
2030,21,26.9,30.4,20.2,-,68,0,4.2,12.4,22.2
2031,22,,,,,,,,,
2032,23,,,,,,,,,
2033,24,,,,,,,,,
2034,25,29.5,32.2,26,-,69,0,3.5,8.9,24.1
2035,26,29.6,34,25,-,70,0,3.5,9.4,24.1
2036,27,29.4,35.2,25.1,-,64,0,4,11.1,25.9
2037,28,,,,,,,,,
2038,29,,,,,,,,,
2039,30,,,,,,,,,
2040,31,28.8,33,23.2,-,62,0,4.5,10.6,24.1
2041,,,,,,,,,,
2042,,,,,,,,,,
2043,1,29.2,33.2,22.1,-,63,0,4,10.6,20.6
2044,2,30.1,34.4,24,-,61,0,4,11.1,20.6
2045,3,30.1,34,24,-,63,0,4.2,10.9,25.9
2046,4,,,,,,,,,
2047,5,,,,,,,,,
2048,6,,,,,,,,,
2049,7,28.3,31.4,23.2,-,75,0,4.2,10.2,24.1
2050,8,28.2,31.8,22.6,-,71,0,3.9,9.6,22.2
2051,9,28.7,32.2,22.6,-,71,0,4.2,10.6,29.4
2052,10,,,,,,,,,
2053,11,,,,,,,,,
2054,12,,,,,,,,,
2055,13,30,33.8,25.2,-,76,0,4,10.9,22.2
2056,14,31.1,35,25.6,-,68,0,3.5,10.2,24.1
2057,15,30.7,34,25.4,-,71,0,4,10.9,22.2
2058,16,,,,,,,,,
2059,17,,,,,,,,,
2060,18,,,,,,,,,
2061,19,31.6,35,27,-,69,0,4.3,11.5,29.4
2062,20,33.1,37.2,26.4,-,46,0,4.2,9.1,22.2
2063,21,30.6,34.2,25.2,-,67,0,4.8,10.7,24.1
2064,22,,,,,,,,,
2065,23,,,,,,,,,
2066,24,,,,,,,,,
2067,25,30.4,34,25.7,-,67,0,4.3,10,25.9
2068,26,30.1,33,24.4,-,69,0,4.8,11.5,27.8
2069,27,30.2,33.6,25.8,-,69,0,4.5,11.1,27.8
2070,28,,,,,,,,,
2071,29,,,,,,,,,
2072,30,,,,,,,,,
2073,,,,,,,,,,
2074,,,,,,,,,,
2075,1,30.7,33.6,27.8,-,72,0,4.5,12.4,24.1
2076,2,30.6,33.8,26.3,-,74,0,4.3,12.2,25.9
2077,3,30.8,34,27,-,72,0,4.3,12.6,27.8
2078,4,,,,,,,,,
2079,5,,,,,,,,,
2080,6,,,,,,,,,
2081,7,30.6,33.8,25.6,-,73,0,5.1,11.5,22.2
2082,8,30.6,33.8,25.7,-,71,0,4.7,11.7,22.2
2083,9,30.7,34,26.1,-,71,0,4.3,10.6,25.9
2084,10,,,,,,,,,
2085,11,,,,,,,,,
2086,12,,,,,,,,,
2087,13,30.8,33.8,26.8,-,74,0,4.3,12.6,27.8
2088,14,31.4,34,27,-,72,0,4.7,11.7,25.9
2089,15,31.7,34,28.2,-,68,0,4.8,14.1,27.8
2090,16,,,,,,,,,
2091,17,,,,,,,,,
2092,18,,,,,,,,,
2093,19,30.6,33,27.8,-,68,0,4.3,13.5,25.9
2094,20,30.7,33.6,27.2,-,69,0,5.5,12.8,25.9
2095,21,30.8,34,26.2,-,70,0,5.3,13,25.9
2096,22,,,,,,,,,
2097,23,,,,,,,,,
2098,24,,,,,,,,,
2099,25,31,33.2,28.4,-,77,0,5.1,13.7,25.9
2100,26,31.3,33.6,29,-,73,0,5.1,15.7,22.2
2101,27,31.2,34,28.6,-,70,0,5,15.7,25.9
2102,28,,,,,,,,,
2103,29,,,,,,,,,
2104,30,,,,,,,,,
2105,31,32.4,35.6,29.5,-,66,0,5.3,12.2,25.9
2106,,,,,,,,,,
2107,,,,,,,,,,
2108,1,30.3,33,26.8,-,74,0.25,4.2,8.7,22.2
2109,2,29.4,32.4,26,-,73,0,2.9,12.4,22.2
2110,3,27.6,29,25,-,83,23.11,3.1,20,38.9
2111,4,,,,,,,,,
2112,5,,,,,,,,,
2113,6,,,,,,,,,
2114,7,29.2,34.4,24,-,76,0,3.9,13.5,25.9
2115,8,28.4,32,22.3,-,77,-,4.3,11.9,24.1
2116,9,29.4,32.4,27,-,80,0,4.2,11.3,22.2
2117,10,,,,,,,,,
2118,11,,,,,,,,,
2119,12,,,,,,,,,
2120,13,28.8,31.8,26.4,-,84,2.03,3.5,11.9,24.1
2121,14,29.8,32,25.5,-,81,20.07,3.9,10.7,22.2
2122,15,29.3,33,27,-,84,0,3.7,8.7,22.2
2123,16,,,,,,,,,
2124,17,,,,,,,,,
2125,18,,,,,,,,,
2126,19,29.7,33,24.4,-,86,40.89,3.4,13.3,27.8
2127,20,30.3,33,27.2,-,81,0.51,3.5,14.1,25.9
2128,21,29.5,32.6,27,-,82,2.03,3.7,12.4,22.2
2129,22,,,,,,,,,
2130,23,,,,,,,,,
2131,24,,,,,,,,,
2132,25,30.2,33.4,26.9,-,80,0,4.5,10.6,24.1
2133,26,29.9,32.6,26,-,82,6.1,3.4,7.6,18.3
2134,27,30.3,33,26.8,-,78,2.03,4.3,11.9,22.2
2135,28,,,,,,,,,
2136,29,,,,,,,,,
2137,30,,,,,,,,,
2138,,,,,,,,,,
2139,,,,,,,,,,
2140,1,28.8,32.2,26,-,84,8.89,3.9,14.1,27.8
2141,2,28.9,31.6,25.4,-,85,7.11,3.5,12,24.1
2142,3,27.1,29,26,-,95,10.92,1.9,11.1,22.2
2143,4,,,,,,,,,
2144,5,,,,,,,,,
2145,6,,,,,,,,,
2146,7,28.5,31,25,-,92,29.97,2.4,14.1,29.4
2147,8,28.9,31.4,25.8,-,88,57.91,2.4,11.7,33.5
2148,9,29.1,31.8,26.2,-,87,20.07,3.7,15,25.9
2149,10,,,,,,,,,
2150,11,,,,,,,,,
2151,12,,,,,,,,,
2152,13,27.2,30,23.8,-,94,70.1,2.4,8.3,31.7
2153,14,26.7,29,25,-,97,26.92,2.1,9.1,22.2
2154,15,26.3,27.2,24.4,-,98,97.03,2.1,9.8,22.2
2155,16,,,,,,,,,
2156,17,,,,,,,,,
2157,18,,,,,,,,,
2158,19,29.4,32.4,25.8,-,86,7.87,3.4,12.6,25.9
2159,20,29.6,32.6,26.5,-,82,6.1,3.7,12,24.1
2160,21,29.4,33,26.4,-,81,4.06,4,9.4,22.2
2161,22,,,,,,,,,
2162,23,,,,,,,,,
2163,24,,,,,,,,,
2164,25,28.7,32,25.4,-,82,9.91,3.5,10.2,22.2
2165,26,28.2,32,25.2,-,87,8.89,3.7,10.2,22.2
2166,27,26.9,29,25,-,94,101.09,2.4,8.9,25.9
2167,28,,,,,,,,,
2168,29,,,,,,,,,
2169,30,,,,,,,,,
2170,31,28.5,32,25.4,-,87,8.89,3.5,9.1,22.2
2171,,,,,,,,,,
2172,,,,,,,,,,
2173,1,28.8,32,25.6,-,84,0.51,4.3,12.8,22.2
2174,2,29,33.2,26.2,-,82,0.25,4,15.2,24.1
2175,3,27.9,31.6,25.8,-,90,3.05,2.7,16.9,27.8
2176,4,,,,,,,,,
2177,5,,,,,,,,,
2178,6,,,,,,,,,
2179,7,27.9,30,24.2,-,91,78.99,2.3,15.7,25.9
2180,8,28.2,31,25.4,-,90,11.94,2.7,16.5,25.9
2181,9,29,31,25,-,85,19.05,3.7,16.1,25.9
2182,10,,,,,,,,,
2183,11,,,,,,,,,
2184,12,,,,,,,,,
2185,13,-,-,-,-,-,-,-,-,-
2186,14,26.8,28,24.8,-,93,40.89,2.6,17.4,40.7
2187,15,27.8,29.4,24.6,-,91,59.94,2.4,18.3,24.1
2188,16,28.1,29.4,25.8,-,89,19.05,2.6,18.7,24.1
2189,17,,,,,,,,,
2190,18,,,,,,,,,
2191,19,,,,,,,,,
2192,20,27.4,29,23.2,-,93,23.11,2.4,14.1,22.2
2193,21,26.6,28,24.8,-,95,32,1.9,15.9,24.1
2194,22,27.7,30,24.8,-,92,65.02,2.7,16.7,31.7
2195,23,,,,,,,,,
2196,24,,,,,,,,,
2197,25,,,,,,,,,
2198,26,28.4,31,25.7,-,82,4.06,3.7,13,24.1
2199,27,28.2,30,26,-,83,2.03,3.5,15.7,25.9
2200,28,26.3,28,25,-,96,5.08,2.1,10.9,29.4
2201,29,,,,,,,,,
2202,30,,,,,,,,,
2203,31,,,,,,,,,
