,Date,T,TM,tm,H,PP,VV,V,VM
0,01-01-2015,24.3,31,19.9,77,0,6.6,3.7,7.6
1,02-01-2015,24.5,31,20.7,78,0,6.9,4.8,7.6
2,03-01-2015,24.6,30.5,21.2,81,0.25,6.9,2.4,5.4
3,04-01-2015,,,,,,,,
4,05-01-2015,,,,,,,,
5,06-01-2015,,,,,,,,
6,07-01-2015,26.2,32,21.6,65,0,6.9,7.4,14.8
7,08-01-2015,25.4,31.2,21.3,72,0.51,6.9,7.8,14.8
8,09-01-2015,24.7,31.2,21.2,76,3.05,6.9,6.3,9.4
9,10-01-2015,,,,,,,,
10,11-01-2015,,,,,,,,
11,12-01-2015,,,,,,,,
12,13-01-2015,23.7,29.7,20.5,80,0.51,6.9,5,7.6
13,14-01-2015,22.6,29.7,20.1,84,18.54,6.9,5.7,11.1
14,15-01-2015,24.1,29,19.8,72,0,5.8,5.4,11.1
15,16-01-2015,,,,,,,,
16,17-01-2015,,,,,,,,
17,18-01-2015,,,,,,,,
18,19-01-2015,23.1,27.4,21.2,83,0,5.5,8.1,14.8
19,20-01-2015,23.2,28.3,20.8,80,1.78,6.3,12,16.5
20,21-01-2015,22.7,28.3,20.6,85,0.51,5.5,6.9,11.1
21,22-01-2015,,,,,,,,
22,23-01-2015,,,,,,,,
23,24-01-2015,,,,,,,,
24,25-01-2015,24.5,30.6,21.1,78,0.51,6.9,8.3,11.1
25,26-01-2015,23.7,30.6,21.4,81,0,6.9,8.9,11.1
26,27-01-2015,24.1,29,20.4,76,0,6.9,12.2,18.3
27,28-01-2015,,,,,,,,
28,29-01-2015,,,,,,,,
29,30-01-2015,,,,,,,,
30,31-01-2015,24.6,30.7,20.6,71,0,6.9,5.2,7.6
31,01-02-2015,24.2,30.3,20.4,75,0,6.3,8.1,14.8
32,02-02-2015,24.6,30.2,20.4,76,0,6.3,5.7,7.6
33,03-02-2015,,,,,,,,
34,04-02-2015,,,,,,,,
35,05-02-2015,,,,,,,,
36,06-02-2015,23.7,30.7,19.3,74,3.05,6.9,6.9,11.1
37,07-02-2015,23.8,30.6,20.2,76,0,6.9,6.7,14.8
38,08-02-2015,24,29.2,20.8,78,7.11,6.3,6.9,11.1
39,09-02-2015,,,,,,,,
40,10-02-2015,,,,,,,,
41,11-02-2015,,,,,,,,
42,12-02-2015,25.4,31.6,20.8,71,0,6.9,6.5,11.1
43,13-02-2015,25.2,31.6,21.4,73,0,6.9,6.5,11.1
44,14-02-2015,23.9,30,21.2,77,0,6.9,7.8,11.1
45,15-02-2015,,,,,,,,
46,16-02-2015,,,,,,,,
47,17-02-2015,,,,,,,,
48,18-02-2015,21.8,29.8,20,86,12.19,4.8,8.1,14.8
49,19-02-2015,22.6,29,18.8,84,2.03,5.3,6.1,9.4
50,20-02-2015,22.4,29,20.1,88,26.16,5.5,4.3,9.4
51,21-02-2015,,,,,,,,
52,22-02-2015,,,,,,,,
53,23-02-2015,,,,,,,,
54,24-02-2015,23.2,28.1,20.1,83,1.02,6.9,6.1,11.1
55,25-02-2015,23.3,27.8,20.4,79,0,6.9,6.3,9.4
56,26-02-2015,23.4,28,20.8,79,0,5.5,8.3,11.1
57,27-02-2015,,,,,,,,
58,28-02-2015,,,,,,,,
59,01-03-2015,,,,,,,,
60,02-03-2015,23.9,29.9,20,76,0,6.9,5,7.6
61,03-03-2015,23.7,30.3,20.6,76,0.25,6.9,5.2,7.6
62,04-03-2015,24,30.3,20.6,75,3.05,6.9,6.5,9.4
63,05-03-2015,23.6,28.8,21,77,0,6.3,5.9,11.1
64,06-03-2015,,,,,,,,
65,07-03-2015,,,,,,,,
66,08-03-2015,,,,,,,,
67,09-03-2015,22.6,29.3,20.3,83,0.25,5.5,5.7,9.4
68,10-03-2015,23.6,28.5,20.4,79,0,6.3,6.1,7.6
69,11-03-2015,23.3,28.5,20.6,80,2.03,6.9,3.7,7.6
70,12-03-2015,,,,,,,,
71,13-03-2015,,,,,,,,
72,14-03-2015,,,,,,,,
73,15-03-2015,23.4,27.6,20,83,0,6.9,5.6,9.4
74,16-03-2015,24.6,29.4,20.7,77,0,6.3,4.8,9.4
75,17-03-2015,25.2,31.1,20.5,72,0,6.9,5.2,9.4
76,18-03-2015,,,,,,,,
77,19-03-2015,,,,,,,,
78,20-03-2015,,,,,,,,
79,21-03-2015,25.6,31.2,22.3,79,0.76,6.9,3.3,5.4
80,22-03-2015,25.3,31.6,22.4,74,0,6.3,3.9,9.4
81,23-03-2015,23.4,31.6,21,80,0.76,6.9,3.3,11.1
82,24-03-2015,,,,,,,,
83,25-03-2015,,,,,,,,
84,26-03-2015,,,,,,,,
85,27-03-2015,24.4,29.6,19.7,67,0,6.9,3.1,7.6
86,28-03-2015,23.8,30.1,19.6,71,0,6.3,3.9,7.6
87,29-03-2015,22.5,30.1,20.3,86,1.78,6.3,4.6,7.6
88,30-03-2015,,,,,,,,
89,31-03-2015,,,,,,,,
90,01-04-2015,,,,,,,,
91,02-04-2015,25.1,29.7,20.8,69,-,6.9,4.3,5.4
92,03-04-2015,25.5,31,21.1,66,0.51,7.7,3.1,5.4
93,04-04-2015,25.4,31,21.6,67,0,6.9,2.8,5.4
94,05-04-2015,25.7,31.7,22,70,-,6.6,2,3.5
95,06-04-2015,,,,,,,,
96,07-04-2015,,,,,,,,
97,08-04-2015,,,,,,,,
98,09-04-2015,22.4,30.8,20,87,37.08,6,3,5.4
99,10-04-2015,23,28.5,19.8,82,36.58,6.9,5.9,7.6
100,11-04-2015,22.9,27.6,20.5,82,0,6.9,5.6,9.4
101,12-04-2015,,,,,,,,
102,13-04-2015,,,,,,,,
103,14-04-2015,,,,,,,,
104,15-04-2015,23.7,29.7,19.3,75,5.08,7.7,5.6,9.4
105,16-04-2015,23.5,29.7,19.4,76,0,6.3,7.8,11.1
106,17-04-2015,23.1,28,19.3,75,0,6.3,9.4,18.3
107,18-04-2015,,,,,,,,
108,19-04-2015,,,,,,,,
109,20-04-2015,,,,,,,,
110,21-04-2015,24.2,29.4,20.2,76,0,6.3,3.7,11.1
111,22-04-2015,22.9,29.4,20.4,83,0,5.5,6.3,11.1
112,23-04-2015,23.6,29.4,19.2,77,7.11,6.9,2.8,7.6
113,24-04-2015,,,,,,,,
114,25-04-2015,,,,,,,,
115,26-04-2015,,,,,,,,
116,27-04-2015,24.3,33.2,18.7,76,18.8,6.9,1.3,3.5
117,28-04-2015,23.2,30.3,20,82,9.14,6.9,2.2,5.4
118,29-04-2015,23.8,31.6,20.2,78,0.51,6,2.4,5.4
119,30-04-2015,,,,,,,,
120,01-05-2015,,,,,,,,
121,02-05-2015,,,,,,,,
122,03-05-2015,24.5,30,21,77,0.51,6.9,2,5.4
123,04-05-2015,24.6,30,21.7,78,2.54,6.3,3.5,5.4
124,05-05-2015,24.7,29.8,21.3,77,0.25,6.9,3.9,9.4
125,06-05-2015,,,,,,,,
126,07-05-2015,,,,,,,,
127,08-05-2015,,,,,,,,
128,09-05-2015,24.2,30.2,20.3,79,6.6,6.9,3.9,9.4
129,10-05-2015,24,30.2,20.9,77,4.32,6.9,3.5,5.4
130,11-05-2015,24.3,29.4,20.6,75,0,6.9,7.2,11.1
131,12-05-2015,,,,,,,,
132,13-05-2015,,,,,,,,
133,14-05-2015,,,,,,,,
134,15-05-2015,25.1,31,21.2,62,0,6.9,1.9,3.5
135,16-05-2015,25.1,32.1,19.6,52,0,6.9,2.2,3.5
136,17-05-2015,25.2,32.1,19.7,59,0,6.9,0.7,3.5
137,18-05-2015,,,,,,,,
138,19-05-2015,,,,,,,,
139,20-05-2015,,,,,,,,
140,21-05-2015,25.6,31.8,20.6,62,0,6.9,3.5,5.4
141,22-05-2015,25.5,31.4,21.5,63,0,5.5,2,5.4
142,23-05-2015,24.9,30.6,21.4,61,0,6.3,2,5.4
143,24-05-2015,,,,,,,,
144,25-05-2015,,,,,,,,
145,26-05-2015,,,,,,,,
146,27-05-2015,24.2,31.8,17.8,60,0,6.3,3.5,5.4
147,28-05-2015,24.4,29.8,20,62,0,6.9,3,5.4
148,29-05-2015,24.4,29.6,20.6,67,-,6.9,0.9,3.5
149,30-05-2015,,,,,,,,
150,31-05-2015,,,,,,,,
151,01-06-2015,,,,,,,,
152,02-06-2015,24.7,30.8,20.6,72,0,7.7,1.3,3.5
153,03-06-2015,23.4,29.5,21.7,83,1.02,6.3,0,-
154,04-06-2015,23.1,30.9,20,83,51.05,5.5,1.1,5.4
155,05-06-2015,21.8,30.9,19.5,87,7.11,6.3,1.5,5.4
156,06-06-2015,,,,,,,,
157,07-06-2015,,,,,,,,
158,08-06-2015,,,,,,,,
159,09-06-2015,23.7,28.5,20.8,69,0,6.6,1.5,3.5
160,10-06-2015,23,28.5,19.3,76,0,6.3,0.9,3.5
161,11-06-2015,20.2,27.3,18.4,92,0,4,3.5,5.4
162,12-06-2015,,,,,,,,
163,13-06-2015,,,,,,,,
164,14-06-2015,,,,,,,,
165,15-06-2015,19.3,24.6,17,88,14.22,6.3,0.7,3.5
166,16-06-2015,20.2,24.8,16.1,75,0,5.5,0.9,3.5
167,17-06-2015,19.1,24.8,17.7,89,0,4,2,5.4
168,18-06-2015,,,,,,,,
169,19-06-2015,,,,,,,,
170,20-06-2015,,,,,,,,
171,21-06-2015,21.7,24.6,19.5,90,14.48,4,1.9,3.5
172,22-06-2015,22,26.4,19.8,87,0.51,5.8,2.2,5.4
173,23-06-2015,21.9,26.4,19.6,85,14.22,6.9,2,5.4
174,24-06-2015,,,,,,,,
175,25-06-2015,,,,,,,,
176,26-06-2015,,,,,,,,
177,27-06-2015,21.4,27.5,17.5,66,0,6.9,0.2,1.9
178,28-06-2015,22.6,28,17.7,74,0,6.3,0,-
179,29-06-2015,22.7,28.9,18.6,64,0,6.9,1.3,3.5
180,30-06-2015,,,,,,,,
181,01-07-2015,,,,,,,,
182,02-07-2015,,,,,,,,
183,03-07-2015,21.1,23.8,19.8,91,0,6.3,0.7,5.4
184,04-07-2015,21,23.9,19.6,93,1.02,6.3,0.9,3.5
185,05-07-2015,21.5,24.9,18.9,87,2.79,6.9,0.9,3.5
186,06-07-2015,,,,,,,,
187,07-07-2015,,,,,,,,
188,08-07-2015,,,,,,,,
189,09-07-2015,22.3,28.7,17.5,70,0,6.3,1.3,5.4
190,10-07-2015,21.5,28.7,17,68,0,6.3,2.2,5.4
191,11-07-2015,21.4,28.2,18.4,83,0.51,5.8,1.1,3.5
192,12-07-2015,,,,,,,,
193,13-07-2015,,,,,,,,
194,14-07-2015,,,,,,,,
195,15-07-2015,24.1,30.9,20.4,70,0,6.9,2,5.4
196,16-07-2015,23.6,30.9,19.6,79,0,6.3,2.8,5.4
197,17-07-2015,23.3,29.9,20,71,0,6.3,1.9,3.5
198,18-07-2015,,,,,,,,
199,19-07-2015,,,,,,,,
200,20-07-2015,,,,,,,,
201,21-07-2015,22.4,28.3,18.9,71,0,6.3,2.2,5.4
202,22-07-2015,22.2,28.4,18.8,73,0,6.9,1.9,5.4
203,23-07-2015,22.2,28.8,18.3,65,0,6.9,2.4,5.4
204,24-07-2015,,,,,,,,
205,25-07-2015,,,,,,,,
206,26-07-2015,,,,,,,,
207,27-07-2015,21.8,29.3,16.3,65,0,6.3,1.5,3.5
208,28-07-2015,21.8,28.2,18.2,67,0,6,2.4,5.4
209,29-07-2015,21.8,27.7,17.9,72,0,5.3,2.8,5.4
210,30-07-2015,,,,,,,,
211,31-07-2015,,,,,,,,
212,01-08-2015,,,,,,,,
213,02-08-2015,-,-,-,-,-,-,-,-
214,03-08-2015,20.1,28.4,15.7,54,0,6,3,5.4
215,04-08-2015,20.8,28.3,12.9,45,0,6.3,1.1,5.4
216,05-08-2015,21.4,29,13.7,45,0,6.3,0.4,3.5
217,06-08-2015,,,,,,,,
218,07-08-2015,,,,,,,,
219,08-08-2015,,,,,,,,
220,09-08-2015,21,28.7,17,65,0,6.3,3.1,5.4
221,10-08-2015,20.4,27.6,16.2,61,0,5.5,1.3,5.4
222,11-08-2015,20.7,28.4,15.1,47,0,6.3,0.9,3.5
223,12-08-2015,,,,,,,,
224,13-08-2015,,,,,,,,
225,14-08-2015,,,,,,,,
226,15-08-2015,20.3,28.5,15.7,51,0,6.3,0.7,3.5
227,16-08-2015,21.1,27.2,15,51,0,6.3,3.5,5.4
228,17-08-2015,20.6,28.2,15.2,58,0,6.3,3.1,5.4
229,18-08-2015,,,,,,,,
230,19-08-2015,,,,,,,,
231,20-08-2015,,,,,,,,
232,21-08-2015,21.4,28.4,17.8,73,0.51,4.8,3,5.4
233,22-08-2015,21.2,25.9,19.4,88,0.51,4,1.3,3.5
234,23-08-2015,22.6,27.4,19,78,4.32,5.3,2.8,7.6
235,24-08-2015,,,,,,,,
236,25-08-2015,,,,,,,,
237,26-08-2015,,,,,,,,
238,27-08-2015,22.9,29.2,18.5,70,0,5.5,2.6,7.6
239,28-08-2015,23.1,28.9,18.9,68,0,6.3,0.9,3.5
240,29-08-2015,23.4,29.3,19,66,0,4.8,1.1,3.5
241,30-08-2015,,,,,,,,
242,31-08-2015,,,,,,,,
243,01-09-2015,,,,,,,,
244,02-09-2015,23.1,30.7,16.4,43,0,6.3,1.5,5.4
245,03-09-2015,23.3,31.4,16.4,36,0,6.9,0.9,3.5
246,04-09-2015,23.7,31.9,16.3,35,0,6.9,0.9,3.5
247,05-09-2015,23.6,32.2,16.2,44,0,6.3,1.5,5.4
248,06-09-2015,,,,,,,,
249,07-09-2015,,,,,,,,
250,08-09-2015,,,,,,,,
251,09-09-2015,23.2,31.2,17.3,61,0,5.6,1.1,3.5
252,10-09-2015,25.2,30.5,19.2,50,0,6.9,1.5,37
253,11-09-2015,24.3,31.7,18.6,50,0,6.3,0.4,3.5
254,12-09-2015,,,,,,,,
255,13-09-2015,,,,,,,,
256,14-09-2015,,,,,,,,
257,15-09-2015,24.8,31.9,19.5,49,0,5.5,2.4,3.5
258,16-09-2015,24,32.1,19,48,0,6.3,2.2,5.4
259,17-09-2015,23.1,31.2,17.3,54,0,6.6,2.8,5.4
260,18-09-2015,,,,,,,,
261,19-09-2015,,,,,,,,
262,20-09-2015,,,,,,,,
263,21-09-2015,24.8,29.9,18,44,0,6.9,1.3,3.5
264,22-09-2015,26.2,32.5,19.6,50,0,6.9,1.9,3.5
265,23-09-2015,26.9,33.2,20.2,50,0,7.4,0.6,3.5
266,24-09-2015,,,,,,,,
267,25-09-2015,,,,,,,,
268,26-09-2015,,,,,,,,
269,27-09-2015,26.4,33.4,22.3,59,0,5.5,3,5.4
270,28-09-2015,24.9,33.5,20.5,58,0,6.3,2.4,5.4
271,29-09-2015,24.9,31.3,18.7,51,0,6.9,2.4,5.4
272,30-09-2015,,,,,,,,
273,01-10-2015,,,,,,,,
274,02-10-2015,24.6,30.7,18.9,55,0,6.9,2.8,5.4
275,03-10-2015,24.6,31.5,19.7,52,0,6.9,2.8,5.4
276,04-10-2015,25.3,31.7,19.6,49,0,6.3,3.1,5.4
277,05-10-2015,,,,,,,,
278,06-10-2015,,,,,,,,
279,07-10-2015,,,,,,,,
280,08-10-2015,25.4,33.4,18.7,46,0,6.9,1.9,3.5
281,09-10-2015,25.7,33.2,18.8,43,0,6.3,1.5,5.4
282,10-10-2015,26.7,34.3,19.5,44,0,6.9,0.6,3.5
283,11-10-2015,,,,,,,,
284,12-10-2015,,,,,,,,
285,13-10-2015,,,,,,,,
286,14-10-2015,27.8,35.4,22.7,57,0,6.3,2.4,5.4
287,15-10-2015,28.3,34.3,24.4,58,0,5.5,3.9,7.6
288,16-10-2015,26.2,34.4,22.4,66,0,6.3,2.2,3.5
289,17-10-2015,,,,,,,,
290,18-10-2015,,,,,,,,
291,19-10-2015,,,,,,,,
292,20-10-2015,29,35.2,23.3,46,0,7.4,3.1,3.5
293,21-10-2015,28.8,35.4,23.5,41,0,6.9,0.4,3.5
294,22-10-2015,29.2,36,24.7,45,0,6.9,1.1,3.5
295,23-10-2015,,,,,,,,
296,24-10-2015,,,,,,,,
297,25-10-2015,,,,,,,,
298,26-10-2015,27.8,35.8,22.8,40,0,6.9,3,5.4
299,27-10-2015,27.7,35,21.2,33,0,6.9,1.3,3.5
300,28-10-2015,27.8,35.1,20.7,33,0,6.9,2.8,5.4
301,29-10-2015,,,,,,,,
302,30-10-2015,,,,,,,,
303,31-10-2015,,,,,,,,
304,01-11-2015,28,35,23,44,0,6.9,1.3,3.5
305,02-11-2015,28.3,34.8,23.2,43,0,7.7,0.4,3.5
306,03-11-2015,28.4,35.3,23.5,46,0,6.9,1.1,3.5
307,04-11-2015,28.6,35.5,23.8,46,0,6.9,2.2,5.4
308,05-11-2015,,,,,,,,
309,06-11-2015,,,,,,,,
310,07-11-2015,,,,,,,,
311,08-11-2015,29,35.4,24.3,53,0,7.4,1.9,5.4
312,09-11-2015,28.7,36.3,23.1,60,-,6.9,1.3,3.5
313,10-11-2015,28.6,35.3,24.5,55,0,6.9,2.8,3.5
314,11-11-2015,,,,,,,,
315,12-11-2015,,,,,,,,
316,13-11-2015,,,,,,,,
317,14-11-2015,30.4,37.2,25.1,50,0,6.9,2.8,7.6
318,15-11-2015,31.2,37,25.4,45,0,6.9,2.2,7.6
319,16-11-2015,30.7,37.4,25.8,49,0,7.7,3,5.4
320,17-11-2015,,,,,,,,
321,18-11-2015,,,,,,,,
322,19-11-2015,,,,,,,,
323,20-11-2015,29.8,36.6,24.6,51,0,6.9,2.4,5.4
324,21-11-2015,30.4,36.8,24.8,49,0,6.9,2.8,5.4
325,22-11-2015,30.3,37,24.3,46,0,6.9,3.1,7.6
326,23-11-2015,,,,,,,,
327,24-11-2015,,,,,,,,
328,25-11-2015,,,,,,,,
329,26-11-2015,27.5,39.2,23.2,64,-,6.9,1.1,5.4
330,27-11-2015,29,37.1,22.8,48,0,7.7,1.5,5.4
331,28-11-2015,29.6,35.5,23.4,39,0,6.9,2.2,7.6
332,29-11-2015,,,,,,,,
333,30-11-2015,,,,,,,,
334,01-12-2015,,,,,,,,
335,02-12-2015,30.5,36.6,24.4,41,0,6.9,1.3,3.5
336,03-12-2015,29.3,37.3,24.7,51,0,6.9,3,5.4
337,04-12-2015,29.8,36.6,24.5,47,0,7.7,2.2,3.5
338,05-12-2015,,,,,,,,
339,06-12-2015,,,,,,,,
340,07-12-2015,,,,,,,,
341,08-12-2015,27.2,34.6,21,62,46.48,6.3,0.7,5.4
342,09-12-2015,25.6,33.7,21.4,72,0,6.3,3.1,9.4
343,10-12-2015,27.4,34,21,58,4.83,6.9,0.4,3.5
344,11-12-2015,,,,,,,,
345,12-12-2015,,,,,,,,
346,13-12-2015,,,,,,,,
347,14-12-2015,28.3,34.6,22.3,57,1.78,6.9,0.2,1.9
348,15-12-2015,28.9,34.6,23.5,58,0,6.9,0.9,3.5
349,16-12-2015,28.8,35.1,24.6,51,0,6.9,0,-
350,17-12-2015,,,,,,,,
351,18-12-2015,,,,,,,,
352,19-12-2015,,,,,,,,
353,20-12-2015,24.6,28.9,20,78,30.23,6.9,3.9,5.4
354,21-12-2015,25.3,30,19.6,78,34.29,6.9,5.6,9.4
355,22-12-2015,26.1,32.2,20.9,70,0,6.6,5,7.6
356,23-12-2015,,,,,,,,
357,24-12-2015,,,,,,,,
358,25-12-2015,,,,,,,,
359,26-12-2015,27.6,34,22.8,63,0,6.9,4.8,7.6
360,27-12-2015,27.9,33.2,22.2,63,0,6.9,3.7,7.6
361,28-12-2015,26.5,33.8,23.2,70,-,6.9,3,7.6
362,29-12-2015,,,,,,,,
363,30-12-2015,,,,,,,,
364,31-12-2015,,,,,,,,
365,01-01-2016,25.3,31.2,22.2,76,0,6.9,3.9,7.6
366,02-01-2016,25.4,31.5,21.5,75,-,6.9,5,7.6
367,03-01-2016,24.4,33.3,21,82,20.32,6.9,3.9,5.4
368,04-01-2016,25.5,30.2,21,78,0,6.9,3.9,7.6
369,05-01-2016,,,,,,,,
370,06-01-2016,,,,,,,,
371,07-01-2016,,,,,,,,
372,08-01-2016,25.7,31.4,21.6,79,47.75,6.9,3.5,5.4
373,09-01-2016,24.5,30.9,22,81,0,6.3,5.2,7.6
374,10-01-2016,24.6,30.4,21.4,77,5.08,7.7,5.2,7.6
375,11-01-2016,,,,,,,,
376,12-01-2016,,,,,,,,
377,13-01-2016,,,,,,,,
378,14-01-2016,22.5,29.6,20.6,86,1.02,6.9,5.6,7.6
379,15-01-2016,23.6,27.7,20.1,75,15.75,6.9,5.6,11.1
380,16-01-2016,23.7,29.2,20.7,74,1.02,6.9,4.6,11.1
381,17-01-2016,,,,,,,,
382,18-01-2016,,,,,,,,
383,19-01-2016,,,,,,,,
384,20-01-2016,23.7,28.2,20.8,78,1.27,6.9,4.1,7.6
385,21-01-2016,23.3,29.9,20,82,1.27,6.3,5,7.6
386,22-01-2016,22.7,28.5,20.4,82,3.3,6.9,4.6,7.6
387,23-01-2016,,,,,,,,
388,24-01-2016,,,,,,,,
389,25-01-2016,,,,,,,,
390,26-01-2016,21.2,27.5,19.3,85,8.89,6.3,5.9,7.6
391,27-01-2016,23.3,26.5,19.7,78,0,6.9,5.6,7.6
392,28-01-2016,22.5,28.2,20.8,84,-,6.9,5.7,7.6
393,29-01-2016,,,,,,,,
394,30-01-2016,,,,,,,,
395,31-01-2016,,,,,,,,
396,01-02-2016,23.2,27.6,20.2,80,0,6.3,8.3,11.1
397,02-02-2016,23.8,28.2,19.9,76,0.76,6.9,8.1,11.1
398,03-02-2016,23.6,28.8,20.2,78,0,6.3,9.1,11.1
399,04-02-2016,,,,,,,,
400,05-02-2016,,,,,,,,
401,06-02-2016,,,,,,,,
402,07-02-2016,23.6,26.7,20.3,78,7.11,6.3,8.7,11.1
403,08-02-2016,22.7,27.4,20.6,85,0,5.5,8.1,11.1
404,09-02-2016,22.1,26.4,20.1,83,-,5.5,9.1,14.8
405,10-02-2016,,,,,,,,
406,11-02-2016,,,,,,,,
407,12-02-2016,,,,,,,,
408,13-02-2016,23.8,28.1,20.1,71,0,7.4,10.9,18.3
409,14-02-2016,25,29.5,19.7,70,0,6.9,6.1,11.1
410,15-02-2016,24.8,30.7,21.5,73,-,6.9,4.8,7.6
411,16-02-2016,,,,,,,,
412,17-02-2016,,,,,,,,
413,18-02-2016,,,,,,,,
414,19-02-2016,22.9,28.3,20,77,0,6.3,4.1,7.6
415,20-02-2016,22.6,28.4,20.1,81,3.3,6.3,5,7.6
416,21-02-2016,21.9,27.7,19.6,82,23.11,7.7,5.7,11.1
417,22-02-2016,,,,,,,,
418,23-02-2016,,,,,,,,
419,24-02-2016,,,,,,,,
420,25-02-2016,23.9,29,20.4,81,0,6.9,4.6,9.4
421,26-02-2016,23.3,30.3,20.1,84,32.51,6.3,3.1,5.4
422,27-02-2016,24.1,29.1,20.7,82,24.89,6.3,3.3,7.6
423,28-02-2016,,,,,,,,
424,29-02-2016,,,,,,,,
425,01-03-2016,,,,,,,,
426,02-03-2016,22.4,26,19.4,82,10.41,6.9,6.1,7.6
427,03-03-2016,22.2,27,19.8,78,0,6.3,7.4,11.1
428,04-03-2016,22.9,27.2,19.3,71,0,8.5,8.3,11.1
429,05-03-2016,22.1,27.6,19.1,76,-,6.9,9.8,14.8
430,06-03-2016,,,,,,,,
431,07-03-2016,,,,,,,,
432,08-03-2016,,,,,,,,
433,09-03-2016,23.3,28.3,20,75,-,6.9,7,9.4
434,10-03-2016,23.5,28.2,20,76,-,6.9,8,11.1
435,11-03-2016,23.8,27.8,20.5,73,0,7.7,6.7,11.1
436,12-03-2016,,,,,,,,
437,13-03-2016,,,,,,,,
438,14-03-2016,,,,,,,,
439,15-03-2016,24,29,20.6,77,-,6.3,5.9,11.1
440,16-03-2016,22.9,28.2,20,77,-,6.9,4.1,5.4
441,17-03-2016,23.5,28.8,19.5,74,4.32,7.7,5.9,9.4
442,18-03-2016,,,,,,,,
443,19-03-2016,,,,,,,,
444,20-03-2016,,,,,,,,
445,21-03-2016,23.9,29,20.3,71,0.25,6.9,6.7,9.4
446,22-03-2016,24.4,30.2,20.4,71,0,6.9,5,9.4
447,23-03-2016,24.3,30.1,20.4,74,1.78,6.9,4.1,5.4
448,24-03-2016,,,,,,,,
449,25-03-2016,,,,,,,,
450,26-03-2016,,,,,,,,
451,27-03-2016,23.1,29.3,21,77,15.24,6.3,4.1,7.6
452,28-03-2016,23.8,28.2,19.9,76,-,5.5,6.9,11.1
453,29-03-2016,23.3,28.7,21.2,79,0.25,6.9,5,7.6
454,30-03-2016,,,,,,,,
455,31-03-2016,,,,,,,,
456,01-04-2016,,,,,,,,
457,02-04-2016,22.4,27.2,20.4,87,0.25,5.5,5.4,7.6
458,03-04-2016,23.2,26.6,20,82,2.79,7.4,5,7.6
459,04-04-2016,22.6,26.7,20.6,82,0,6.3,5.2,7.6
460,05-04-2016,23.7,27.2,20.4,75,0,6.9,6.1,11.1
461,06-04-2016,,,,,,,,
462,07-04-2016,,,,,,,,
463,08-04-2016,,,,,,,,
464,09-04-2016,23.1,27.2,18.8,69,0.51,7.7,4.3,5.4
465,10-04-2016,23.9,28.6,19.3,67,0,6.9,5,7.6
466,11-04-2016,24.3,29.4,20.4,69,-,6.3,4.1,7.6
467,12-04-2016,,,,,,,,
468,13-04-2016,,,,,,,,
469,14-04-2016,,,,,,,,
470,15-04-2016,23.6,26.5,20.5,75,0,6.3,5.2,7.6
471,16-04-2016,23.8,27.8,20.4,76,-,6.9,4.6,5.4
472,17-04-2016,22.9,28.6,20.5,79,0.51,6.3,5.6,9.4
473,18-04-2016,,,,,,,,
474,19-04-2016,,,,,,,,
475,20-04-2016,,,,,,,,
476,21-04-2016,24.4,29,19.8,68,0,6.9,6.3,11.1
477,22-04-2016,23.2,30.6,19.7,71,0,6.9,6.7,9.4
478,23-04-2016,22.7,27.4,20.2,76,0.25,6.9,7.4,11.1
479,24-04-2016,,,,,,,,
480,25-04-2016,,,,,,,,
481,26-04-2016,,,,,,,,
482,27-04-2016,22.6,25.8,19.8,79,0.25,5.5,5,9.4
483,28-04-2016,24.1,28,20.5,76,0,6.9,5,7.6
484,29-04-2016,24.3,28.6,20.9,75,0,7.4,6.9,11.1
485,30-04-2016,,,,,,,,
486,01-05-2016,,,,,,,,
487,02-05-2016,,,,,,,,
488,03-05-2016,23.2,29.7,19.6,72,0,6.3,4.6,7.6
489,04-05-2016,23.6,29.5,18.8,68,0,6.3,3.7,7.6
490,05-05-2016,25.3,30.7,20.3,64,0,5.5,3.5,5.4
491,06-05-2016,,,,,,,,
492,07-05-2016,,,,,,,,
493,08-05-2016,,,,,,,,
494,09-05-2016,24.6,31.6,19.7,60,0,6.3,3,5.4
495,10-05-2016,24.6,30.6,19.8,65,0,6.3,5.2,7.6
496,11-05-2016,23.9,31.3,19.6,70,-,6.3,5,5.4
497,12-05-2016,,,,,,,,
498,13-05-2016,,,,,,,,
499,14-05-2016,,,,,,,,
500,15-05-2016,23.6,29.3,20.1,72,2.54,5.3,1.5,3.5
501,16-05-2016,24.8,29,21,59,0,6.9,1.3,3.5
502,17-05-2016,23.9,30.6,19.4,54,0,6.9,1.9,3.5
503,18-05-2016,,,,,,,,
504,19-05-2016,,,,,,,,
505,20-05-2016,,,,,,,,
506,21-05-2016,25,31.2,18.7,48,0,6.9,0.9,3.5
507,22-05-2016,24.6,31.1,19.1,50,0,6.9,1.5,3.5
508,23-05-2016,24.9,31.2,19.1,50,0,6.3,2.8,3.5
509,24-05-2016,,,,,,,,
510,25-05-2016,,,,,,,,
511,26-05-2016,,,,,,,,
512,27-05-2016,24.8,31.3,19.8,49,0,6.3,0.9,3.5
513,28-05-2016,24.2,31,18.4,52,0,6.9,0.7,5.4
514,29-05-2016,25.2,30.8,19.4,45,0,7.4,1.1,3.5
515,30-05-2016,,,,,,,,
516,31-05-2016,,,,,,,,
517,01-06-2016,,,,,,,,
518,02-06-2016,24.5,30.7,20.1,68,-,6.3,4.1,5.4
519,03-06-2016,23.7,30.6,20.8,72,-,5.5,2.2,7.6
520,04-06-2016,24.1,29.1,20.1,66,1.52,6.3,2.2,3.5
521,05-06-2016,25.2,30,20.9,61,0,6.9,2.6,7.6
522,06-06-2016,,,,,,,,
523,07-06-2016,,,,,,,,
524,08-06-2016,,,,,,,,
525,09-06-2016,24,31.5,18.7,49,0,6.9,2.2,3.5
526,10-06-2016,23.4,30.6,18.8,48,0,6.9,3,7.6
527,11-06-2016,22.5,30.3,17.7,49,0,6.9,2.8,7.6
528,12-06-2016,,,,,,,,
529,13-06-2016,-,-,-,-,-,-,-,-
530,14-06-2016,,,,,,,,
531,15-06-2016,,,,,,,,
532,16-06-2016,24.1,30.9,20.4,68,0,5.5,4.3,5.4
533,17-06-2016,24.6,30.1,20.3,61,0,6.9,2.6,7.6
534,18-06-2016,24.3,30.4,19.6,65,0,6.9,3.7,7.6
535,19-06-2016,,,,,,,,
536,20-06-2016,,,,,,,,
537,21-06-2016,,,,,,,,
538,22-06-2016,23.3,29.7,18.4,57,0,6.9,3.1,5.4
539,23-06-2016,22.9,30.5,18.1,47,0,6.9,3.5,5.4
540,24-06-2016,22.9,31,16.6,40,0,7.7,2.8,3.5
541,25-06-2016,,,,,,,,
542,26-06-2016,,,,,,,,
543,27-06-2016,,,,,,,,
544,28-06-2016,23.4,31.5,15.9,33,0,7.4,2.2,5.4
545,29-06-2016,22.6,31.5,15,39,0,6.9,0.9,3.5
546,30-06-2016,23,32.5,14.2,39,0,6.3,1.3,3.5
547,01-07-2016,,,,,,,,
548,02-07-2016,,,,,,,,
549,03-07-2016,21.6,30,17.6,58,-,6.9,3,3.5
550,04-07-2016,21,26.9,18,86,5.08,5.5,2,5.4
551,05-07-2016,21.1,26.9,18.9,88,4.32,6.3,4.1,5.4
552,06-07-2016,,,,,,,,
553,07-07-2016,,,,,,,,
554,08-07-2016,,,,,,,,
555,09-07-2016,22.1,28,15,59,0,6.3,2.4,5.4
556,10-07-2016,22.8,29,18.4,61,0,6.6,1.9,5.4
557,11-07-2016,22.6,29.5,16.2,42,0,6.9,1.9,3.5
558,12-07-2016,,,,,,,,
559,13-07-2016,,,,,,,,
560,14-07-2016,,,,,,,,
561,15-07-2016,18.9,25,17.7,97,60.71,4,4.3,5.4
562,16-07-2016,20.3,22,18.6,90,4.32,4,3.9,5.4
563,17-07-2016,21.8,26.5,17.9,70,0,6.3,3.7,7.6
564,18-07-2016,,,,,,,,
565,19-07-2016,,,,,,,,
566,20-07-2016,,,,,,,,
567,21-07-2016,22,28.9,16.7,57,0,6.3,2.8,5.4
568,22-07-2016,21.8,29.4,15.6,67,0,6.9,3.5,5.4
569,23-07-2016,22.6,29,17.7,63,0,5.8,1.3,3.5
570,24-07-2016,,,,,,,,
571,25-07-2016,,,,,,,,
572,26-07-2016,,,,,,,,
573,27-07-2016,20.6,30.5,14.7,62,0,6,2.2,3.5
574,28-07-2016,21.8,29,14.8,46,0,5.8,1.5,3.5
575,29-07-2016,21.5,30.4,14.9,42,0,6,3,5.4
576,30-07-2016,,,,,,,,
577,31-07-2016,,,,,,,,
578,01-08-2016,,,,,,,,
579,02-08-2016,-,-,-,-,-,-,-,-
580,03-08-2016,21,27.6,14.6,61,0,6,2.2,3.5
581,04-08-2016,21.6,27.7,17,59,0,6.8,2,3.5
582,05-08-2016,22.3,29,16.1,48,0,6.9,2.8,3.5
583,06-08-2016,,,,,,,,
584,07-08-2016,,,,,,,,
585,08-08-2016,,,,,,,,
586,09-08-2016,20.9,29,16,66,0,5.5,2.2,3.5
587,10-08-2016,20.9,27.8,16,62,0,6.3,3,5.4
588,11-08-2016,21,28.5,15,58,0,6.8,3,5.4
589,12-08-2016,,,,,,,,
590,13-08-2016,,,,,,,,
591,14-08-2016,,,,,,,,
592,15-08-2016,21.2,28,16.9,66,0,5.5,2.2,3.5
593,16-08-2016,20.7,28.3,17.2,61,0,6.3,2.2,3.5
594,17-08-2016,20.7,27.2,15.5,61,0,6.3,3.3,5.4
595,18-08-2016,,,,,,,,
596,19-08-2016,,,,,,,,
597,20-08-2016,,,,,,,,
598,21-08-2016,20.4,28.2,15.8,64,0,6.3,2.8,7.6
599,22-08-2016,21.7,27.6,15.3,64,0,6.3,3.5,5.4
600,23-08-2016,21.7,28.9,18.5,68,0,6.3,5.2,11.1
601,24-08-2016,,,,,,,,
602,25-08-2016,,,,,,,,
603,26-08-2016,,,,,,,,
604,27-08-2016,22.6,30.3,16.7,52,0,6.3,3.1,5.4
605,28-08-2016,21.9,29.2,18.3,75,-,4,3.7,7.6
606,29-08-2016,22.1,26,19.7,79,0.25,6.3,3.5,5.4
607,30-08-2016,,,,,,,,
608,31-08-2016,,,,,,,,
609,01-09-2016,,,,,,,,
610,02-09-2016,23.9,31.7,18.2,54,0,6.9,2.8,7.6
611,03-09-2016,23.1,32,16,46,0,6.9,3.3,3.5
612,04-09-2016,23.5,31.5,16.4,40,0,7.7,3.1,3.5
613,05-09-2016,22.7,31.7,16.7,50,0,6.9,3.1,5.4
614,06-09-2016,,,,,,,,
615,07-09-2016,,,,,,,,
616,08-09-2016,,,,,,,,
617,09-09-2016,23.9,30.9,16.1,36,0,6.9,3.1,5.4
618,10-09-2016,23.8,32.2,16.6,37,0,6.3,3,7.6
619,11-09-2016,23.4,32,15.8,35,0,6.9,3.1,5.4
620,12-09-2016,,,,,,,,
621,13-09-2016,,,,,,,,
622,14-09-2016,,,,,,,,
623,15-09-2016,22.1,29.6,15.8,54,0,6.9,4.3,5.4
624,16-09-2016,22.6,28.8,17.4,61,0,6.3,3.5,5.4
625,17-09-2016,23.1,29,17.3,45,0,6.9,3.9,5.4
626,18-09-2016,,,,,,,,
627,19-09-2016,,,,,,,,
628,20-09-2016,,,,,,,,
629,21-09-2016,23.7,31.2,16.8,42,0,6.9,1.5,5.4
630,22-09-2016,24.6,31.8,17.7,38,0,6.3,1.9,3.5
631,23-09-2016,25.9,33.4,19.3,41,0,6.3,2.4,5.4
632,24-09-2016,,,,,,,,
633,25-09-2016,,,,,,,,
634,26-09-2016,,,,,,,,
635,27-09-2016,26.7,35.5,19,31,0,5.5,1.9,3.5
636,28-09-2016,25.8,34.9,20,41,0,6.9,3.3,5.4
637,29-09-2016,24.3,33.3,19.1,36,0,6.9,4.3,9.4
638,30-09-2016,,,,,,,,
639,01-10-2016,24.2,32.5,16.9,29,0,6.9,3.3,7.6
640,02-10-2016,24.4,32,15.7,33,0,6.9,3.9,5.4
641,03-10-2016,25.8,32,18.2,43,0,6.9,3,5.4
642,04-10-2016,,,,,,,,
643,05-10-2016,,,,,,,,
644,06-10-2016,,,,,,,,
645,07-10-2016,26.2,33.1,21.5,60,-,6.9,3,5.4
646,08-10-2016,25.6,33.8,21.1,62,36.83,6.9,0.4,3.5
647,09-10-2016,26.7,32.5,21.2,54,0,6.9,2.8,5.4
648,10-10-2016,,,,,,,,
649,11-10-2016,,,,,,,,
650,12-10-2016,,,,,,,,
651,13-10-2016,26.6,34.3,22.2,57,-,6.9,3.3,3.5
652,14-10-2016,25.2,34,22,67,2.54,6.9,3.1,5.4
653,15-10-2016,25.3,30.4,20.8,57,0,6.9,3.9,7.6
654,16-10-2016,,,,,,,,
655,17-10-2016,,,,,,,,
656,18-10-2016,,,,,,,,
657,19-10-2016,28,35,22.4,45,0,6.9,3.1,5.4
658,20-10-2016,28,36,23.2,48,0,6.9,3,5.4
659,21-10-2016,27.4,34.8,22.4,49,0,6.9,2.4,3.5
660,22-10-2016,,,,,,,,
661,23-10-2016,,,,,,,,
662,24-10-2016,,,,,,,,
663,25-10-2016,28.1,35.6,20.6,25,0,6.9,1.9,3.5
664,26-10-2016,28.6,37.2,21.6,28,0,6.9,2.8,5.4
665,27-10-2016,28.3,36.1,21.2,28,0,6.9,2.4,5.4
666,28-10-2016,,,,,,,,
667,29-10-2016,,,,,,,,
668,30-10-2016,,,,,,,,
669,31-10-2016,29.2,35.4,22.1,30,0,6.9,2.8,5.4
670,01-11-2016,28.6,35.8,22.5,34,0,6.9,2.8,5.4
671,02-11-2016,28.9,36.3,21.9,40,0,6.9,3.1,3.5
672,03-11-2016,29.4,35.6,23.5,39,0,6.9,3.9,5.4
673,04-11-2016,,,,,,,,
674,05-11-2016,,,,,,,,
675,06-11-2016,,,,,,,,
676,07-11-2016,28.6,35.5,22.5,49,0.51,6.9,3,5.4
677,08-11-2016,30.1,36,24.5,39,0,6.9,3.5,5.4
678,09-11-2016,29.4,36.5,24.4,43,0,8.5,3.5,3.5
679,10-11-2016,,,,,,,,
680,11-11-2016,,,,,,,,
681,12-11-2016,,,,,,,,
682,13-11-2016,29.3,37,24,31,0,6.9,1.9,3.5
683,14-11-2016,28.8,36.5,23.2,36,0,6.9,4.1,7.6
684,15-11-2016,29,35.6,22.6,38,0,6.9,3.9,5.4
685,16-11-2016,,,,,,,,
686,17-11-2016,,,,,,,,
687,18-11-2016,,,,,,,,
688,19-11-2016,28.9,35.6,23.5,53,0,6.9,4.1,5.4
689,20-11-2016,26.6,35.7,23,65,0,6.9,4.3,7.6
690,21-11-2016,26.9,35.2,21.7,60,1.02,6.3,4.4,5.4
691,22-11-2016,,,,,,,,
692,23-11-2016,,,,,,,,
693,24-11-2016,,,,,,,,
694,25-11-2016,27.5,37,22.6,53,-,6.9,4.8,7.6
695,26-11-2016,28.7,37,22.5,47,1.02,6.9,1.3,3.5
696,27-11-2016,29.1,35.6,24,48,0,6.9,3,5.4
697,28-11-2016,,,,,,,,
698,29-11-2016,,,,,,,,
699,30-11-2016,,,,,,,,
700,01-12-2016,26.8,35.6,20.5,48,0,6.9,3.9,9.4
701,02-12-2016,27.6,35.1,22.3,49,0,6.9,3.3,7.6
702,03-12-2016,28.2,34.2,23.3,51,0,6.9,2.8,3.5
703,04-12-2016,,,,,,,,
704,05-12-2016,,,,,,,,
705,06-12-2016,,,,,,,,
706,07-12-2016,27.3,36.6,21,55,-,6.3,3.1,7.6
707,08-12-2016,26.9,37,20.8,59,0,6.9,2.8,3.5
708,09-12-2016,26,33.2,22.5,67,-,6.9,3.1,7.6
709,10-12-2016,,,,,,,,
710,11-12-2016,,,,,,,,
711,12-12-2016,,,,,,,,
712,13-12-2016,28.1,33,23.7,60,0,6.9,2,5.4
713,14-12-2016,27.1,33.8,22.5,63,0,6.9,5,7.6
714,15-12-2016,27.1,35,21.8,58,2.54,6.3,6.9,18.3
715,16-12-2016,,,,,,,,
716,17-12-2016,,,,,,,,
717,18-12-2016,,,,,,,,
718,19-12-2016,26.2,35.5,19.4,67,20.07,6.9,4.3,7.6
719,20-12-2016,26.8,33.7,20.2,61,0,6.9,4.8,9.4
720,21-12-2016,26.1,35.1,19.9,70,40.89,6.9,4.6,7.6
721,22-12-2016,,,,,,,,
722,23-12-2016,,,,,,,,
723,24-12-2016,,,,,,,,
724,25-12-2016,27.6,34,21.9,67,0,8.5,4.3,7.6
725,26-12-2016,26.2,33.3,21,75,0,6.9,6.1,9.4
726,27-12-2016,23.1,33.1,20,84,83.31,6.3,5,7.6
727,28-12-2016,,,,,,,,
728,29-12-2016,,,,,,,,
729,30-12-2016,,,,,,,,
730,31-12-2016,24.9,31.2,20.8,74,0.51,6.9,6.3,9.4
731,01-01-2017,26.1,31.5,20.8,69,0,6.9,4.4,5.4
732,02-01-2017,26.4,32.1,21.8,70,0,6.9,6.3,9.4
733,03-01-2017,25.7,32.4,22,70,0,6.9,6.3,7.6
734,04-01-2017,,,,,,,,
735,05-01-2017,,,,,,,,
736,06-01-2017,,,,,,,,
737,07-01-2017,23.9,31.2,22,71,-,6.9,7.4,9.4
738,08-01-2017,25,29.6,21.5,67,0,6.9,7.4,9.4
739,09-01-2017,23.4,29.6,21.1,77,0,6.9,8.1,14.8
740,10-01-2017,,,,,,,,
741,11-01-2017,,,,,,,,
742,12-01-2017,,,,,,,,
743,13-01-2017,24.2,27.5,20.7,78,1.02,6.9,7.2,9.4
744,14-01-2017,25.8,29.7,22,66,1.02,6.9,7.4,11.1
745,15-01-2017,25.1,31.2,21.5,67,0,6.9,7,9.4
746,16-01-2017,,,,,,,,
747,17-01-2017,,,,,,,,
748,18-01-2017,,,,,,,,
749,19-01-2017,23.4,29,20,76,3.56,6.9,5.2,9.4
750,20-01-2017,24.2,28,21,83,0,6.9,5.7,7.6
751,21-01-2017,24.6,29,20.8,75,0.25,6.9,7.8,9.4
752,22-01-2017,,,,,,,,
753,23-01-2017,,,,,,,,
754,24-01-2017,,,,,,,,
755,25-01-2017,23.8,29.4,20.6,77,-,6.9,8.9,14.8
756,26-01-2017,24.2,29,20.4,71,0,7.4,11.9,18.3
757,27-01-2017,23.6,29.5,20.4,73,361.19,7.4,10.9,14.8
758,28-01-2017,,,,,,,,
759,29-01-2017,,,,,,,,
760,30-01-2017,,,,,,,,
761,31-01-2017,24.6,29,19.3,69,-,6.9,8,11.1
762,01-02-2017,25.2,29.7,20.5,66,0,6.9,7.2,11.1
763,02-02-2017,23.8,29.9,20.9,76,-,6.9,7.6,14.8
764,03-02-2017,,,,,,,,
765,04-02-2017,,,,,,,,
766,05-02-2017,,,,,,,,
767,06-02-2017,23.2,29.3,20.5,79,6.1,6.9,3.9,5.4
768,07-02-2017,23.2,27.4,20.4,78,2.54,6.9,4.4,7.6
769,08-02-2017,24.4,28.2,20.2,68,0,6.9,5,9.4
770,09-02-2017,,,,,,,,
771,10-02-2017,,,,,,,,
772,11-02-2017,,,,,,,,
773,12-02-2017,22.9,28.5,20,75,1.52,7.4,7.6,51.9
774,13-02-2017,22.9,27,20,73,0,6.9,9.4,14.8
775,14-02-2017,22.2,27.2,20.2,80,-,6.9,11.1,14.8
776,15-02-2017,,,,,,,,
777,16-02-2017,,,,,,,,
778,17-02-2017,,,,,,,,
779,18-02-2017,22.2,26.6,20.6,87,-,6.9,10.2,14.8
780,19-02-2017,23.5,26.7,20.6,66,9.4,6.9,9.1,11.1
781,20-02-2017,23.8,28.7,19.7,74,0.76,6.9,8.1,11.1
782,21-02-2017,,,,,,,,
783,22-02-2017,,,,,,,,
784,23-02-2017,,,,,,,,
785,24-02-2017,25.2,30.3,20.5,65,-,6.9,7.2,9.4
786,25-02-2017,25.4,30.5,20.5,64,0,6.9,9.1,14.8
787,26-02-2017,24.4,30.2,20.5,71,-,6.9,8.3,14.8
788,27-02-2017,,,,,,,,
789,28-02-2017,,,,,,,,
790,01-03-2017,,,,,,,,
791,02-03-2017,24.9,30.7,22,75,1.27,5.8,3,7.6
792,03-03-2017,25.2,30.5,21.4,67,8.38,6.9,4.8,11.1
793,04-03-2017,25,31.5,21.6,69,1.78,6.9,5.7,9.4
794,05-03-2017,24.3,31.2,20.3,72,0,6.9,8.9,14.8
795,06-03-2017,,,,,,,,
796,07-03-2017,,,,,,,,
797,08-03-2017,,,,,,,,
798,09-03-2017,25.7,30.2,21.2,65,0,6.3,7.2,11.1
799,10-03-2017,25.8,31.2,22,66,-,6.9,5,14.8
800,11-03-2017,23.8,31.3,21.5,79,1.02,6.9,5.6,11.1
801,12-03-2017,,,,,,,,
802,13-03-2017,,,,,,,,
803,14-03-2017,,,,,,,,
804,15-03-2017,23.3,27.6,21.2,75,0,6.3,2.8,5.4
805,16-03-2017,24.8,27.6,21.6,67,0,6.9,1.9,5.4
806,17-03-2017,22.3,28.3,19.2,84,128.78,6.9,2.2,7.6
807,18-03-2017,,,,,,,,
808,19-03-2017,,,,,,,,
809,20-03-2017,,,,,,,,
810,21-03-2017,22.6,28.9,20.3,84,5.33,6.3,6.7,14.8
811,22-03-2017,22.3,28.6,20.3,86,13.21,6.9,8.1,11.1
812,23-03-2017,23.6,27,20.3,78,3.3,6.9,7,9.4
813,24-03-2017,,,,,,,,
814,25-03-2017,,,,,,,,
815,26-03-2017,,,,,,,,
816,27-03-2017,22.8,26.8,20.5,86,31.75,4.8,6.3,9.4
817,28-03-2017,23.8,28,20.8,77,0,6.9,9.1,11.1
818,29-03-2017,22.3,28.5,21,89,0.25,4.8,7.6,14.8
819,30-03-2017,,,,,,,,
820,31-03-2017,,,,,,,,
821,01-04-2017,,,,,,,,
822,02-04-2017,24.9,29,20.5,73,-,6.4,4.8,9.4
823,03-04-2017,23.7,30.6,19.8,84,71.88,6.3,4.1,7.6
824,04-04-2017,22.6,27.8,20.8,92,33.02,4.8,1.9,5.4
825,05-04-2017,23.2,27.3,19.9,87,21.84,5.5,3.7,7.6
826,06-04-2017,,,,,,,,
827,07-04-2017,,,,,,,,
828,08-04-2017,,,,,,,,
829,09-04-2017,24.1,28.5,21.3,83,6.6,6.3,1.9,3.5
830,10-04-2017,23.9,30,20.5,82,1.27,6.3,2,11.1
831,11-04-2017,23.6,28.2,20,82,68.33,6.8,2,5.4
832,12-04-2017,,,,,,,,
833,13-04-2017,,,,,,,,
834,14-04-2017,,,,,,,,
835,15-04-2017,25.3,31,22.2,72,0,6.9,4.6,7.6
836,16-04-2017,24.8,30.6,21,75,-,6.9,5.9,11.1
837,17-04-2017,23.7,31.1,21,78,2.29,6.9,6.3,7.6
838,18-04-2017,,,,,,,,
839,19-04-2017,,,,,,,,
840,20-04-2017,,,,,,,,
841,21-04-2017,23.1,27.2,20.4,75,0,6.3,11.7,14.8
842,22-04-2017,23.2,27.7,19.4,68,0,6.9,10.9,18.3
843,23-04-2017,22.8,28.5,19.3,80,0,6.3,10,14.8
844,24-04-2017,,,,,,,,
845,25-04-2017,,,,,,,,
846,26-04-2017,,,,,,,,
847,27-04-2017,22.8,29,19.4,81,54.36,6.3,3.3,5.4
848,28-04-2017,23.8,27.2,20.6,78,9.14,6.9,3.9,9.4
849,29-04-2017,21.9,28.1,20,91,55.88,5.5,4.1,7.6
850,30-04-2017,,,,,,,,
851,01-05-2017,,,,,,,,
852,02-05-2017,,,,,,,,
853,03-05-2017,23.1,27.4,20.7,85,0.51,6.3,4.3,7.6
854,04-05-2017,23.3,28.4,19.4,82,45.97,6.3,3.1,5.4
855,05-05-2017,24.9,28,20.6,74,0,6.9,4.3,7.6
856,06-05-2017,,,,,,,,
857,07-05-2017,,,,,,,,
858,08-05-2017,,,,,,,,
859,09-05-2017,23.7,29,21.2,84,14.48,5.5,1.1,5.4
860,10-05-2017,24.6,28.8,21.3,80,48.01,6.9,3,7.6
861,11-05-2017,24.8,29,21.5,80,2.03,6.6,3.1,37
862,12-05-2017,,,,,,,,
863,13-05-2017,,,,,,,,
864,14-05-2017,,,,,,,,
865,15-05-2017,22.9,27.5,20.5,87,68.07,5.3,2.4,5.4
866,16-05-2017,22.1,27.6,19.8,93,34.04,3.7,1.9,9.4
867,17-05-2017,22.3,25.6,19.6,85,40.39,5.3,6.5,7.6
868,18-05-2017,,,,,,,,
869,19-05-2017,,,,,,,,
870,20-05-2017,,,,,,,,
871,21-05-2017,23.7,29,20.1,67,0,6,1.3,3.5
872,22-05-2017,24.4,29.8,20.4,67,0,6.3,3.1,7.6
873,23-05-2017,24.8,30.6,20.4,66,0,6.3,3.1,7.6
874,24-05-2017,,,,,,,,
875,25-05-2017,,,,,,,,
876,26-05-2017,,,,,,,,
877,27-05-2017,25.2,31.3,20.8,64,0,6.3,2.4,5.4
878,28-05-2017,23.7,29.6,21,68,0,7.7,2.4,5.4
879,29-05-2017,23.9,28.8,20.2,68,0,6.9,2,5.4
880,30-05-2017,,,,,,,,
881,31-05-2017,,,,,,,,
882,01-06-2017,,,,,,,,
883,02-06-2017,22.2,26.7,19.4,71,0,6.9,5.6,7.6
884,03-06-2017,21.7,25,19.9,78,0,6.9,5,7.6
885,04-06-2017,22.9,26.6,18.8,66,0.25,6.9,3.7,7.6
886,05-06-2017,23.2,27.8,19.3,66,0,6.9,3.1,7.6
887,06-06-2017,,,,,,,,
888,07-06-2017,,,,,,,,
889,08-06-2017,,,,,,,,
890,09-06-2017,21.5,25.6,19.2,87,1.52,6.9,3,5.4
891,10-06-2017,22,26,18.3,80,13.46,6.9,2.2,7.6
892,11-06-2017,22.5,27.2,18.6,64,0,6.3,3.9,5.4
893,12-06-2017,,,,,,,,
894,13-06-2017,,,,,,,,
895,14-06-2017,,,,,,,,
896,15-06-2017,23.6,28.2,19.3,65,0,6.3,4.1,7.6
897,16-06-2017,23.5,29.1,19.4,74,0,6.9,0.9,5.4
898,17-06-2017,24.4,28.7,21,74,0,6.3,2,7.6
899,18-06-2017,,,,,,,,
900,19-06-2017,,,,,,,,
901,20-06-2017,,,,,,,,
902,21-06-2017,24.1,30,20.5,71,0,6.3,2.8,5.4
903,22-06-2017,24.2,29,20.7,70,0,6.3,3.5,5.4
904,23-06-2017,23.8,29.6,20.2,70,0,6.3,3.9,5.4
905,24-06-2017,,,,,,,,
906,25-06-2017,,,,,,,,
907,26-06-2017,,,,,,,,
908,27-06-2017,22.7,30,18.6,65,0,5.8,5,7.6
909,28-06-2017,22.2,28,17.4,76,0,6,4.1,5.4
910,29-06-2017,22.4,26.8,19.2,78,0,6,5,11.1
911,30-06-2017,,,,,,,,
912,01-07-2017,,,,,,,,
913,02-07-2017,,,,,,,,
914,03-07-2017,19.8,24.7,19,95,10.67,4,7,9.4
915,04-07-2017,19.8,21.6,18.2,88,8.89,4.8,7,9.4
916,05-07-2017,20.8,23.6,18.3,82,0,6.9,4.6,9.4
917,06-07-2017,,,,,,,,
918,07-07-2017,,,,,,,,
919,08-07-2017,,,,,,,,
920,09-07-2017,22.8,29.2,18.5,63,0,6.3,3.1,7.6
921,10-07-2017,22.6,29.7,15.9,47,0,6.3,0.7,5.4
922,11-07-2017,22.6,30.8,16.8,55,0,6.8,0,-
923,12-07-2017,,,,,,,,
924,13-07-2017,,,,,,,,
925,14-07-2017,,,,,,,,
926,15-07-2017,22.7,28.1,19.6,72,0,4.2,1.1,5.4
927,16-07-2017,22.6,28.5,18.4,63,0,6,4.6,9.4
928,17-07-2017,22.2,29.3,17.1,66,0,6,5.7,7.6
929,18-07-2017,,,,,,,,
930,19-07-2017,,,,,,,,
931,20-07-2017,,,,,,,,
932,21-07-2017,21,26,15.3,63,0,6.3,6.7,9.4
933,22-07-2017,22.1,28,17.2,58,0,6.3,3.1,5.4
934,23-07-2017,22,28.8,16,56,0,6.3,4.3,7.6
935,24-07-2017,,,,,,,,
936,25-07-2017,,,,,,,,
937,26-07-2017,,,,,,,,
938,27-07-2017,20.4,28.5,16.6,72,0,6,0.9,3.5
939,28-07-2017,21.6,28,16.2,57,0,6.3,4.8,7.6
940,29-07-2017,20.6,29.2,15.5,57,0,5.8,4.6,5.4
941,30-07-2017,,,,,,,,
942,31-07-2017,,,,,,,,
943,01-08-2017,,,,,,,,
944,02-08-2017,-,-,-,-,-,-,-,-
945,03-08-2017,22.2,28.4,16.6,53,0,7.7,0.9,5.4
946,04-08-2017,22.1,28.9,17.8,58,0,5.1,1.1,-
947,05-08-2017,22.2,29,18.4,62,0,6,3.9,5.4
948,06-08-2017,,,,,,,,
949,07-08-2017,,,,,,,,
950,08-08-2017,,,,,,,,
951,09-08-2017,20.4,27.2,15.2,52,0,6.3,4.1,7.6
952,10-08-2017,20.1,27.2,14.8,50,0,6.9,6.5,7.6
953,11-08-2017,21.2,26.6,15.5,59,0,6.3,6.7,9.4
954,12-08-2017,,,,,,,,
955,13-08-2017,,,,,,,,
956,14-08-2017,,,,,,,,
957,15-08-2017,23.4,30.6,17.6,48,0,6.3,4.1,5.4
958,16-08-2017,23.3,31,16.3,42,0,5.8,2.8,11.1
959,17-08-2017,22.4,30.7,16.3,49,0,6.3,3.3,7.6
960,18-08-2017,,,,,,,,
961,19-08-2017,,,,,,,,
962,20-08-2017,,,,,,,,
963,21-08-2017,20.7,28.7,14.3,48,0,6.9,7.2,9.4
964,22-08-2017,20.4,28,14.2,45,0,6.3,4.6,7.6
965,23-08-2017,20.9,28.5,14.3,46,0,6.3,4.1,7.6
966,24-08-2017,,,,,,,,
967,25-08-2017,,,,,,,,
968,26-08-2017,,,,,,,,
969,27-08-2017,22.7,29.1,17.1,48,0,6.3,2,5.4
970,28-08-2017,21.9,29.8,16.2,44,0,6.3,2.6,7.6
971,29-08-2017,21.3,29,16,53,0,6.9,4.4,11.1
972,30-08-2017,,,,,,,,
973,31-08-2017,,,,,,,,
974,01-09-2017,,,,,,,,
975,02-09-2017,21.4,29.2,15,42,0,6.9,5.2,9.4
976,03-09-2017,21.9,29.6,13.2,26,0,6.9,3.1,7.6
977,04-09-2017,22.6,30.4,15.9,30,0,8.5,5.4,9.4
978,05-09-2017,21.7,30.1,15.8,32,0,6.9,6.3,11.1
979,06-09-2017,,,,,,,,
980,07-09-2017,,,,,,,,
981,08-09-2017,,,,,,,,
982,09-09-2017,23.3,32.3,20.2,67,0.51,6.3,3,5.4
983,10-09-2017,23.3,30,19.2,54,0,6.9,2.4,5.4
984,11-09-2017,24.4,30.2,19.7,61,0,6.9,1.5,5.4
985,12-09-2017,,,,,,,,
986,13-09-2017,,,,,,,,
987,14-09-2017,,,,,,,,
988,15-09-2017,23.5,30.2,18.5,49,0,6.3,5,11.1
989,16-09-2017,23.3,29.9,17.9,58,0,6.9,5.6,7.6
990,17-09-2017,23.4,30.7,17.4,60,0,6.3,5.7,7.6
991,18-09-2017,,,,,,,,
992,19-09-2017,,,,,,,,
993,20-09-2017,,,,,,,,
994,21-09-2017,24.3,32.1,16.8,34,0,6.3,5,9.4
995,22-09-2017,22.8,32.2,17.4,39,0,6.9,7.4,18.3
996,23-09-2017,24.2,31.5,17.5,31,0,6.9,5.4,11.1
997,24-09-2017,,,,,,,,
998,25-09-2017,,,,,,,,
999,26-09-2017,,,,,,,,
1000,27-09-2017,24.7,31.2,17.3,34,0,7.4,6.9,11.1
1001,28-09-2017,25,32,17.8,34,0,6.9,3.9,5.4
1002,29-09-2017,25.2,32.7,18.2,28,0,6.9,5.9,11.1
1003,30-09-2017,,,,,,,,
1004,01-10-2017,25.2,33.2,18.2,26,0,6.9,5.2,7.6
1005,02-10-2017,25.5,32.5,18.3,25,0,6.9,4.8,7.6
1006,03-10-2017,25.7,33.2,17.5,21,0,6.9,2.4,5.4
1007,04-10-2017,,,,,,,,
1008,05-10-2017,,,,,,,,
1009,06-10-2017,,,,,,,,
1010,07-10-2017,25.5,34.6,16.5,29,0,7.7,7,11.1
1011,08-10-2017,25.4,33.5,18.5,25,0,6.9,5.7,9.4
1012,09-10-2017,26.2,33.3,17.8,27,0,6.9,5.9,7.6
1013,10-10-2017,,,,,,,,
1014,11-10-2017,,,,,,,,
1015,12-10-2017,,,,,,,,
1016,13-10-2017,25.8,32.5,20.1,57,0,6.9,4.1,7.6
1017,14-10-2017,26.5,31.6,22.4,50,0,6.9,4.8,11.1
1018,15-10-2017,25.8,32.1,21.6,60,0,6.9,4.6,11.1
1019,16-10-2017,,,,,,,,
1020,17-10-2017,,,,,,,,
1021,18-10-2017,,,,,,,,
1022,19-10-2017,25.6,31,19.6,39,0,7.4,2.8,48.2
1023,20-10-2017,26.7,33.8,19.5,37,0,6.9,2.4,5.4
1024,21-10-2017,27.4,33.7,21.4,44,0,6.9,2.2,3.5
1025,22-10-2017,,,,,,,,
1026,23-10-2017,,,,,,,,
1027,24-10-2017,,,,,,,,
1028,25-10-2017,27.3,33.4,21.7,43,0,7.7,3.9,7.6
1029,26-10-2017,27.1,34.1,20.8,34,0,6.9,3.3,7.6
1030,27-10-2017,27.4,34.4,21.5,42,0,6.9,3.3,5.4
1031,28-10-2017,,,,,,,,
1032,29-10-2017,,,,,,,,
1033,30-10-2017,,,,,,,,
1034,31-10-2017,25.9,34.8,21.1,60,3.3,6.3,4.1,9.4
1035,01-11-2017,27.6,33.2,21.2,54,0,6.9,2,7.6
1036,02-11-2017,24.7,33.5,20.6,72,0,6.9,2.2,5.4
1037,03-11-2017,26.1,33.1,19.8,55,13.72,7.4,0.7,3.5
1038,04-11-2017,,,,,,,,
1039,05-11-2017,,,,,,,,
1040,06-11-2017,,,,,,,,
1041,07-11-2017,26.7,33.5,21.6,51,0,8.5,3.1,5.4
1042,08-11-2017,26.4,32.6,21,47,0,6.9,5,7.6
1043,09-11-2017,26.2,32.7,21,49,0,6.9,5.2,7.6
1044,10-11-2017,,,,,,,,
1045,11-11-2017,,,,,,,,
1046,12-11-2017,,,,,,,,
1047,13-11-2017,27.6,33.5,21.7,51,0,6.9,5.9,11.1
1048,14-11-2017,28.3,34,23.1,50,0,6.9,5.2,7.6
1049,15-11-2017,28.2,34.6,23.9,52,0,7.7,3.9,7.6
1050,16-11-2017,,,,,,,,
1051,17-11-2017,,,,,,,,
1052,18-11-2017,,,,,,,,
1053,19-11-2017,27.9,34.8,23.9,63,1.02,6.9,2,7.6
1054,20-11-2017,25.5,34,22.8,63,17.02,6.9,1.1,5.4
1055,21-11-2017,28.2,34.8,22.2,51,0,7.4,1.1,3.5
1056,22-11-2017,,,,,,,,
1057,23-11-2017,,,,,,,,
1058,24-11-2017,,,,,,,,
1059,25-11-2017,26.6,34,22.2,63,3.81,6.9,3.1,7.6
1060,26-11-2017,27.2,34.4,22.8,62,0.51,6.9,4.1,5.4
1061,27-11-2017,28.3,34.7,22,51,0.51,9.2,2.8,9.4
1062,28-11-2017,,,,,,,,
1063,29-11-2017,,,,,,,,
1064,30-11-2017,,,,,,,,
1065,01-12-2017,26.9,35.2,21.4,64,5.59,6.3,5,11.1
1066,02-12-2017,26.5,33,23.3,73,0,7.7,4.8,9.4
1067,03-12-2017,25.9,34,20,72,0.76,6.9,3,9.4
1068,04-12-2017,,,,,,,,
1069,05-12-2017,,,,,,,,
1070,06-12-2017,,,,,,,,
1071,07-12-2017,27.8,33.5,23.4,57,0,6.9,3.9,7.6
1072,08-12-2017,25.9,33.5,22.8,70,0,6.9,3.7,9.4
1073,09-12-2017,27.2,32.8,21.8,59,0,6.9,4.1,9.4
1074,10-12-2017,,,,,,,,
1075,11-12-2017,,,,,,,,
1076,12-12-2017,,,,,,,,
1077,13-12-2017,24.9,32,21.5,74,0,7.4,1.1,37
1078,14-12-2017,23.8,32,21,78,17.78,6.9,1.9,5.4
1079,15-12-2017,24.8,31.4,20.6,63,16.51,6.3,0.9,3.5
1080,16-12-2017,,,,,,,,
1081,17-12-2017,,,,,,,,
1082,18-12-2017,,,,,,,,
1083,19-12-2017,25.9,31.2,21.4,66,-,6.9,6.1,11.1
1084,20-12-2017,25.2,32.4,20.5,65,8.64,6.9,2.6,9.4
1085,21-12-2017,24.1,32.4,21.5,77,0,6.3,3.1,11.1
1086,22-12-2017,,,,,,,,
1087,23-12-2017,,,,,,,,
1088,24-12-2017,,,,,,,,
1089,25-12-2017,23.5,32,21.4,89,33.02,6.3,4.1,7.6
1090,26-12-2017,25,29.8,21.1,78,3.05,5.5,2.4,5.4
1091,27-12-2017,26,30.8,22.2,71,0,6.9,2.2,5.4
1092,28-12-2017,,,,,,,,
1093,29-12-2017,,,,,,,,
1094,30-12-2017,,,,,,,,
1095,31-12-2017,25.6,29.7,20.9,77,10.41,7.7,6.7,9.4
1096,01-01-2018,24.4,30.3,21.8,83,0,6.6,3.5,5.4
1097,02-01-2018,23.8,31,20.9,81,1.52,5.5,3.9,7.6
1098,03-01-2018,23.7,29.8,20.8,83,1.78,6.9,6.5,7.6
1099,04-01-2018,,,,,,,,
1100,05-01-2018,,,,,,,,
1101,06-01-2018,,,,,,,,
1102,07-01-2018,23.9,30.1,21.7,79,0,6.9,12,14.8
1103,08-01-2018,23.3,29,21.2,83,0,6.3,11.9,16.5
1104,09-01-2018,22,25.8,20.7,86,3.81,6.6,12.8,14.8
1105,10-01-2018,,,,,,,,
1106,11-01-2018,,,,,,,,
1107,12-01-2018,,,,,,,,
1108,13-01-2018,24.1,28.3,20.8,77,4.06,6.3,11.3,14.8
1109,14-01-2018,23.2,27.9,21,84,4.06,6.3,7.8,11.1
1110,15-01-2018,23.8,29.6,20.5,77,16,6.9,6.5,9.4
1111,16-01-2018,,,,,,,,
1112,17-01-2018,,,,,,,,
1113,18-01-2018,,,,,,,,
1114,19-01-2018,23.8,28.9,20.1,74,0,6.9,12.8,14.8
1115,20-01-2018,23.4,29.1,20.7,78,0,6.9,12.6,14.8
1116,21-01-2018,23.5,28,20.9,79,0,6.9,9.1,11.1
1117,22-01-2018,,,,,,,,
1118,23-01-2018,,,,,,,,
1119,24-01-2018,,,,,,,,
1120,25-01-2018,23.5,27.8,20.1,77,0,6.9,8.3,11.1
1121,26-01-2018,23.1,28.1,20.2,75,0,6.9,11.9,16.5
1122,27-01-2018,21.9,28,20.1,86,5.08,6.9,10,14.8
1123,28-01-2018,,,,,,,,
1124,29-01-2018,,,,,,,,
1125,30-01-2018,,,,,,,,
1126,31-01-2018,24.2,29.5,20.6,75,0,6.9,9.4,14.8
1127,01-02-2018,24.8,29.4,20.9,68,-,6.9,10.9,14.8
1128,02-02-2018,24.4,30.2,20.7,68,0.51,6.9,8.1,11.1
1129,03-02-2018,,,,,,,,
1130,04-02-2018,,,,,,,,
1131,05-02-2018,,,,,,,,
1132,06-02-2018,22.9,26.3,20.5,82,0,6.9,11.3,16.5
1133,07-02-2018,22.4,26.4,20.3,86,0,8,6.7,9.4
1134,08-02-2018,22.8,26.4,20.7,85,1.02,6.9,8.7,14.8
1135,09-02-2018,,,,,,,,
1136,10-02-2018,,,,,,,,
1137,11-02-2018,,,,,,,,
1138,12-02-2018,22.2,27.4,20.5,86,0,7.7,10.9,14.8
1139,13-02-2018,22.4,26.5,20.3,86,4.57,6.9,8.5,11.1
1140,14-02-2018,23.6,27.2,20.4,74,1.78,6.9,10,13
1141,15-02-2018,,,,,,,,
1142,16-02-2018,,,,,,,,
1143,17-02-2018,,,,,,,,
1144,18-02-2018,23,28.6,21,79,0,6.9,14.8,25.9
1145,19-02-2018,23,27,20.4,77,0,6.9,14.6,22.2
1146,20-02-2018,22.7,26.9,20.3,83,0,8.5,14.8,18.3
1147,21-02-2018,,,,,,,,
1148,22-02-2018,,,,,,,,
1149,23-02-2018,,,,,,,,
1150,24-02-2018,23.3,28.2,20.2,82,1.02,6.9,9.1,14.8
1151,25-02-2018,23.7,28.8,20.6,79,0,6.9,8.9,11.1
1152,26-02-2018,23.3,27.3,20.5,76,0,6.9,10.9,16.5
1153,27-02-2018,,,,,,,,
1154,28-02-2018,,,,,,,,
1155,01-03-2018,,,,,,,,
1156,02-03-2018,23.1,28.3,20.3,81,4.83,6.9,10,22.2
1157,03-03-2018,21.9,27.2,19.4,85,5.33,5.5,8.7,18.3
1158,04-03-2018,23.6,28,18.7,77,14.99,6.9,9.6,22.2
1159,05-03-2018,23.3,28.6,20.8,76,0,6.9,8.5,16.5
1160,06-03-2018,,,,,,,,
1161,07-03-2018,,,,,,,,
1162,08-03-2018,,,,,,,,
1163,09-03-2018,21.9,27.7,19.7,84,11.43,7.4,11.1,14.8
1164,10-03-2018,22,25.4,20,88,3.56,5.5,8.3,13
1165,11-03-2018,23.4,27.6,20.2,76,8.89,6.3,9.8,18.3
1166,12-03-2018,,,,,,,,
1167,13-03-2018,,,,,,,,
1168,14-03-2018,,,,,,,,
1169,15-03-2018,21.7,24.6,19.4,85,3.3,7.4,10.2,18.3
1170,16-03-2018,21.9,25,19.6,88,1.02,5.5,10,22.2
1171,17-03-2018,22.2,25.7,20.1,87,6.35,5.5,7.6,11.1
1172,18-03-2018,,,,,,,,
1173,19-03-2018,,,,,,,,
1174,20-03-2018,,,,,,,,
1175,21-03-2018,23.3,27.4,20.7,77,0,6.3,13.1,18.3
1176,22-03-2018,22.8,27.3,20.2,78,0,6.9,11.7,18.3
1177,23-03-2018,23.3,27.4,19.7,72,0,6.9,10.6,18.3
1178,24-03-2018,,,,,,,,
1179,25-03-2018,,,,,,,,
1180,26-03-2018,,,,,,,,
1181,27-03-2018,23.7,27.8,19.8,75,41.66,6.9,8.3,11.1
1182,28-03-2018,22.4,28.5,20,83,0,6.3,6.3,14.8
1183,29-03-2018,21.9,28.3,19.5,86,8.38,6.3,6.7,11.1
1184,30-03-2018,,,,,,,,
1185,31-03-2018,,,,,,,,
1186,01-04-2018,,,,,,,,
1187,02-04-2018,23.3,28.8,20.3,78,19.81,7.4,6.9,11.1
1188,03-04-2018,23.7,28.3,20,73,0,6.9,6.5,11.1
1189,04-04-2018,23.8,28.2,20.3,71,0.25,6.6,7.8,9.4
1190,05-04-2018,24.7,29.3,19.7,61,0,6.9,6.5,9.4
1191,06-04-2018,,,,,,,,
1192,07-04-2018,,,,,,,,
1193,08-04-2018,,,,,,,,
1194,09-04-2018,24.4,29.2,20.3,63,0,6.9,8.7,14.8
1195,10-04-2018,24.3,29.1,20.1,66,0,6.9,7.8,14.8
1196,11-04-2018,25.7,30,20.5,59,0,6.9,5.4,9.4
1197,12-04-2018,,,,,,,,
1198,13-04-2018,,,,,,,,
1199,14-04-2018,,,,,,,,
1200,15-04-2018,25,31.6,22.3,72,0.25,6.9,1.9,3.5
1201,16-04-2018,24.8,30.3,20.4,69,33.02,6.3,1.5,5.4
1202,17-04-2018,23.9,31.7,20.1,77,16,6.6,2,5.4
1203,18-04-2018,,,,,,,,
1204,19-04-2018,-,-,-,-,-,-,-,-
1205,20-04-2018,,,,,,,,
1206,21-04-2018,,,,,,,,
1207,22-04-2018,22.7,29.1,19.5,81,13.97,6.3,5,9.4
1208,23-04-2018,23.5,28.4,20,71,0,6.3,5.7,9.4
1209,24-04-2018,23.9,28.2,18.4,64,0,6.9,4.8,7.6
1210,25-04-2018,,,,,,,,
1211,26-04-2018,-,-,-,-,-,-,-,-
1212,27-04-2018,,,,,,,,
1213,28-04-2018,,,,,,,,
1214,29-04-2018,23.7,30.3,19.9,79,32.26,5.5,0.4,3.5
1215,30-04-2018,25.1,29.2,21.3,72,1.27,6.9,3.5,5.4
1216,01-05-2018,25.3,29.9,21.4,69,4.32,6.9,3.7,7.6
1217,02-05-2018,,,,,,,,
1218,03-05-2018,25.5,30.9,21.6,73,0.25,6.9,5.2,7.6
1219,04-05-2018,24.9,30.3,21.3,71,0,6.9,4.6,5.4
1220,05-05-2018,24.1,30.4,21.6,75,0.25,6.9,5,7.6
1221,06-05-2018,,,,,,,,
1222,07-05-2018,,,,,,,,
1223,08-05-2018,,,,,,,,
1224,09-05-2018,24.2,28.2,20.2,70,7.87,6.9,3.3,5.4
1225,10-05-2018,24.1,29.5,20.8,72,0,6.3,3.1,3.5
1226,11-05-2018,24.3,29.5,20.6,65,4.32,6.3,1.5,5.4
1227,12-05-2018,,,,,,,,
1228,13-05-2018,,,,,,,,
1229,14-05-2018,,,,,,,,
1230,15-05-2018,25,31.5,20.4,67,0,6.3,2.4,5.4
1231,16-05-2018,24,30.3,21,75,1.02,6.9,3.1,3.5
1232,17-05-2018,23.4,29.8,20.1,82,3.81,6.9,0.4,3.5
1233,18-05-2018,,,,,,,,
1234,19-05-2018,,,,,,,,
1235,20-05-2018,,,,,,,,
1236,21-05-2018,24.4,28.7,20.2,71,1.02,7.4,3.1,3.5
1237,22-05-2018,23.8,29.3,19.7,58,0,6.9,3.1,3.5
1238,23-05-2018,23.7,29,19.7,60,0,6.3,5,7.6
1239,24-05-2018,,,,,,,,
1240,25-05-2018,,,,,,,,
1241,26-05-2018,,,,,,,,
1242,27-05-2018,23.9,30.2,18.2,58,0,5.5,5,9.4
1243,28-05-2018,23.8,29.3,18.7,58,0,6.6,4.6,7.6
1244,29-05-2018,23.4,29.5,18.2,51,0,6.9,3.7,7.6
1245,30-05-2018,,,,,,,,
1246,31-05-2018,,,,,,,,
1247,01-06-2018,,,,,,,,
1248,02-06-2018,24.8,30.1,19.7,64,0,6.3,4.6,11.1
1249,03-06-2018,24.3,30.4,20,65,0,6.3,3.9,5.4
1250,04-06-2018,22.9,30.3,19.8,78,0,6.6,5.2,5.4
1251,05-06-2018,22.8,27.7,20.4,81,0.51,5.5,8.1,14.8
1252,06-06-2018,,,,,,,,
1253,07-06-2018,,,,,,,,
1254,08-06-2018,,,,,,,,
1255,09-06-2018,23.3,30,18,48,0,6.9,3.9,7.6
1256,10-06-2018,22.2,29.6,16,60,0,6.9,3,5.4
1257,11-06-2018,23.4,29.2,17.5,58,0,6.3,5,7.6
1258,12-06-2018,,,,,,,,
1259,13-06-2018,,,,,,,,
1260,14-06-2018,,,,,,,,
1261,15-06-2018,22.4,30,16.2,44,0,6.9,1.3,3.5
1262,16-06-2018,23,30.5,14.8,44,0,6.9,0.9,3.5
1263,17-06-2018,23.3,31,16.5,68,0,6.9,5.4,7.6
1264,18-06-2018,,,,,,,,
1265,19-06-2018,-,-,-,-,-,-,-,-
1266,20-06-2018,-,-,-,-,-,-,-,-
1267,21-06-2018,-,-,-,-,-,-,-,-
1268,22-06-2018,-,-,-,-,-,-,-,-
1269,23-06-2018,-,-,-,-,-,-,-,-
1270,24-06-2018,-,-,-,-,-,-,-,-
1271,25-06-2018,,,,,,,,
1272,26-06-2018,,,,,,,,
1273,27-06-2018,22.6,27.6,19.2,70,0,4.8,3.1,5.4
1274,28-06-2018,22.2,28.8,18,66,0,5.6,3.3,5.4
1275,29-06-2018,20.8,29,16.3,64,0,5,5,9.4
1276,30-06-2018,,,,,,,,
1277,01-07-2018,,,,,,,,
1278,02-07-2018,,,,,,,,
1279,03-07-2018,21.8,29.5,18,62,0,6.3,4.3,9.4
1280,04-07-2018,21.8,28.3,15.6,56,0,6.9,4.6,7.6
1281,05-07-2018,21.7,28.8,18.2,67,0,6.9,3.3,7.6
1282,06-07-2018,,,,,,,,
1283,07-07-2018,,,,,,,,
1284,08-07-2018,,,,,,,,
1285,09-07-2018,22.3,29.3,18.3,70,0,6.8,3.1,5.4
1286,10-07-2018,22.5,28.2,17.7,72,0,6.8,4.8,7.6
1287,11-07-2018,23.1,29.4,17.6,62,0,5.8,5.2,11.1
1288,12-07-2018,,,,,,,,
1289,13-07-2018,,,,,,,,
1290,14-07-2018,,,,,,,,
1291,15-07-2018,22.3,29.9,18.7,70,0,6,3,9.4
1292,16-07-2018,22.8,28.9,17.7,59,0,5.3,3.1,5.4
1293,17-07-2018,21.8,28.9,17.7,59,0,6.3,7,9.4
1294,18-07-2018,,,,,,,,
1295,19-07-2018,,,,,,,,
1296,20-07-2018,,,,,,,,
1297,21-07-2018,21.6,28.5,16,67,0,6.3,3.1,11.1
1298,22-07-2018,22.2,27.7,17.7,63,0,6.9,2.8,7.6
1299,23-07-2018,22.7,28.4,18.1,65,0,6.3,3.9,5.4
1300,24-07-2018,,,,,,,,
1301,25-07-2018,,,,,,,,
1302,26-07-2018,,,,,,,,
1303,27-07-2018,23.4,29.1,18.4,62,0,6,5.7,9.4
1304,28-07-2018,23.8,30.2,17.7,56,0,5.5,6.1,9.4
1305,29-07-2018,24,31.4,19,63,0,6.3,5.4,7.6
1306,30-07-2018,,,,,,,,
1307,31-07-2018,,,,,,,,
1308,01-08-2018,,,,,,,,
1309,02-08-2018,20.9,25.8,16.6,51,0,6.6,3.9,11.1
1310,03-08-2018,20.3,27.6,14,42,0,7.1,4.4,9.4
1311,04-08-2018,19.9,28.1,12.4,45,0,6.9,4.8,7.6
1312,05-08-2018,20.2,27.6,13.1,41,0,6.8,4.8,7.6
1313,06-08-2018,,,,,,,,
1314,07-08-2018,,,,,,,,
1315,08-08-2018,,,,,,,,
1316,09-08-2018,20.8,28.6,14.7,55,0,6,4.3,5.4
1317,10-08-2018,21.3,29.3,15.2,44,0,6.3,4.6,7.6
1318,11-08-2018,21.3,29.6,13.2,40,0,6.3,3.5,3.5
1319,12-08-2018,,,,,,,,
1320,13-08-2018,,,,,,,,
1321,14-08-2018,,,,,,,,
1322,15-08-2018,21.5,28.8,14.3,47,0,6,3.9,7.6
1323,16-08-2018,20.7,30.3,14.5,53,0,6,3.9,5.4
1324,17-08-2018,21.2,29.3,12.3,34,0,6.9,4.8,9.4
1325,18-08-2018,,,,,,,,
1326,19-08-2018,,,,,,,,
1327,20-08-2018,,,,,,,,
1328,21-08-2018,21.8,29,14.3,39,0,6.3,3.9,5.4
1329,22-08-2018,21.3,30.3,13.7,39,0,6.3,5.2,11.1
1330,23-08-2018,21.3,28.6,14.8,44,0,6.9,4.1,5.4
1331,24-08-2018,,,,,,,,
1332,25-08-2018,,,,,,,,
1333,26-08-2018,,,,,,,,
1334,27-08-2018,23.3,30.2,17.2,54,0,6.3,4.6,9.4
1335,28-08-2018,23.3,30,18.8,63,0,6,4.6,9.4
1336,29-08-2018,23.2,30.2,19,65,0,5.5,1.5,5.4
1337,30-08-2018,,,,,,,,
1338,31-08-2018,,,,,,,,
1339,01-09-2018,,,,,,,,
1340,02-09-2018,21.7,29.4,16.4,54,0,6.3,5.9,9.4
1341,03-09-2018,21.4,28.2,15.7,55,0,6.3,4.8,7.6
1342,04-09-2018,22.4,27.8,16.3,57,0,6.3,5.2,7.6
1343,05-09-2018,22.9,29.6,16.6,59,0,6.9,4.8,9.4
1344,06-09-2018,,,,,,,,
1345,07-09-2018,,,,,,,,
1346,08-09-2018,,,,,,,,
1347,09-09-2018,24.4,31.1,18.3,55,0,6.9,3.3,5.4
1348,10-09-2018,26.4,31.8,20.4,51,0,6.3,3,5.4
1349,11-09-2018,23.7,32.6,20.2,73,57.91,6.3,3,9.4
1350,12-09-2018,,,,,,,,
1351,13-09-2018,,,,,,,,
1352,14-09-2018,,,,,,,,
1353,15-09-2018,23.1,29,17.3,52,0,6.8,4.3,5.4
1354,16-09-2018,24.6,30.4,17.2,51,0,7.7,5.7,11.1
1355,17-09-2018,25.2,31.6,19,56,0,6.3,4.8,7.6
1356,18-09-2018,,,,,,,,
1357,19-09-2018,,,,,,,,
1358,20-09-2018,,,,,,,,
1359,21-09-2018,26.8,34,22,56,0,6.3,4.8,7.6
1360,22-09-2018,25.4,32.8,20.5,53,0,6.9,5.7,7.6
1361,23-09-2018,25.1,32.1,18.2,42,0,6.3,7.2,11.1
1362,24-09-2018,,,,,,,,
1363,25-09-2018,,,,,,,,
1364,26-09-2018,,,,,,,,
1365,27-09-2018,26.6,34.6,17.2,25,0,6.3,5.4,11.1
1366,28-09-2018,26.2,35.5,20.8,46,0,5.5,4.6,7.6
1367,29-09-2018,26.3,34.5,21.3,51,0,6.9,5,9.4
1368,30-09-2018,,,,,,,,
1369,01-10-2018,26.3,33.8,21.3,57,0,5.3,5.4,11.1
1370,02-10-2018,25.9,33.5,21.7,60,0,6.9,5.9,11.1
1371,03-10-2018,26.1,32.1,20.5,57,0,6.3,3.9,11.1
1372,04-10-2018,,,,,,,,
1373,05-10-2018,,,,,,,,
1374,06-10-2018,,,,,,,,
1375,07-10-2018,28.4,36.4,20.1,25,0,6.9,3.3,5.4
1376,08-10-2018,28.3,37,21.8,33,0,6.9,3,5.4
1377,09-10-2018,27.4,35.9,22.5,53,0,6.9,4.1,5.4
1378,10-10-2018,,,,,,,,
1379,11-10-2018,,,,,,,,
1380,12-10-2018,,,,,,,,
1381,13-10-2018,26.6,34,19.7,32,0,6.6,4.4,9.4
1382,14-10-2018,27.2,33.8,19.7,29,0,6.9,4.6,7.6
1383,15-10-2018,27.3,34.3,20.2,27,0,6.9,6.1,11.1
1384,16-10-2018,,,,,,,,
1385,17-10-2018,,,,,,,,
1386,18-10-2018,,,,,,,,
1387,19-10-2018,27.7,34.2,21.2,45,0,6.9,4.6,11.1
1388,20-10-2018,27.7,35,23,46,0,6.9,4.1,5.4
1389,21-10-2018,27.9,34.3,22.7,40,0,6.9,3.3,7.6
1390,22-10-2018,,,,,,,,
1391,23-10-2018,,,,,,,,
1392,24-10-2018,,,,,,,,
1393,25-10-2018,28.4,35.5,22.8,41,0,6.9,2.4,5.4
1394,26-10-2018,28.3,35.4,21.5,33,0,6.9,5,11.1
1395,27-10-2018,27.9,35,22.6,32,0,7.7,4.1,5.4
1396,28-10-2018,,,,,,,,
1397,29-10-2018,,,,,,,,
1398,30-10-2018,,,,,,,,
1399,31-10-2018,28.7,35.3,22.7,44,0,6.9,2.8,5.4
1400,01-11-2018,28.7,35.6,22.9,38,0,6.9,3.5,5.4
1401,02-11-2018,28.3,36,23.6,49,0,6.9,3,5.4
1402,03-11-2018,29,35,22.6,43,0,6.6,2.6,3.5
1403,04-11-2018,,,,,,,,
1404,05-11-2018,,,,,,,,
1405,06-11-2018,,,,,,,,
1406,07-11-2018,29.5,35.4,24,37,0,6.9,1.9,5.4
1407,08-11-2018,28.4,36.4,24,50,2.03,6.9,2,3.5
1408,09-11-2018,28.2,35.6,22.8,52,0,6.9,2,5.4
1409,10-11-2018,,,,,,,,
1410,11-11-2018,,,,,,,,
1411,12-11-2018,,,,,,,,
1412,13-11-2018,29.4,36.6,24.6,37,0,6.9,2.8,5.4
1413,14-11-2018,29.5,36,24.2,34,0,6.9,4.4,11.1
1414,15-11-2018,29.1,36.2,24,36,0,6.9,3,3.5
1415,16-11-2018,,,,,,,,
1416,17-11-2018,,,,,,,,
1417,18-11-2018,,,,,,,,
1418,19-11-2018,27.6,35.6,21.4,58,0,6.9,2.8,5.4
1419,20-11-2018,26.8,33.2,22.4,62,0.25,6.3,3.1,7.6
1420,21-11-2018,27.4,34.2,21.6,55,0,6.3,3.1,7.6
1421,22-11-2018,,,,,,,,
1422,23-11-2018,,,,,,,,
1423,24-11-2018,,,,,,,,
1424,25-11-2018,28.8,34.8,22.8,39,0,6.9,2.4,5.4
1425,26-11-2018,29.6,35.6,23.5,47,0,6.9,3.1,7.6
1426,27-11-2018,30.4,36.6,24.4,42,0,6.9,0.4,3.5
1427,28-11-2018,,,,,,,,
1428,29-11-2018,,,,,,,,
1429,30-11-2018,,,,,,,,
1430,01-12-2018,26.3,30,21.6,65,0,6.6,5,7.6
1431,02-12-2018,27,31.6,22,54,0,7.7,4.1,11.1
1432,03-12-2018,27.1,33.4,21.4,56,0,6.9,5.4,9.4
1433,04-12-2018,,,,,,,,
1434,05-12-2018,,,,,,,,
1435,06-12-2018,,,,,,,,
1436,07-12-2018,25.5,36.2,20.8,71,0,6.9,5.9,9.4
1437,08-12-2018,26.7,33.6,20.6,64,14.99,7.7,5.9,7.6
1438,09-12-2018,27.9,32.6,22,55,0,7.4,4.3,66.5
1439,10-12-2018,,,,,,,,
1440,11-12-2018,,,,,,,,
1441,12-12-2018,,,,,,,,
1442,13-12-2018,26.7,35,21.7,64,0,6.9,3,11.1
1443,14-12-2018,27.9,35,21.8,58,0,6.9,5.2,7.6
1444,15-12-2018,25.6,34.8,22.2,73,7.11,6.3,3.7,7.6
1445,16-12-2018,-,-,-,-,-,-,-,-
1446,17-12-2018,-,-,-,-,-,-,-,-
1447,18-12-2018,-,-,-,-,-,-,-,-
1448,19-12-2018,-,-,-,-,-,-,-,-
1449,20-12-2018,,,,,,,,
1450,21-12-2018,,,,,,,,
1451,22-12-2018,,,,,,,,
1452,23-12-2018,26.4,34.6,22.6,73,3.05,6.3,1.9,5.4
1453,24-12-2018,26.1,34,22.4,72,1.02,5.8,3.9,7.6
1454,25-12-2018,24.8,33.5,21,74,-,6.9,3.1,5.4
1455,26-12-2018,,,,,,,,
1456,27-12-2018,,,,,,,,
1457,28-12-2018,,,,,,,,
1458,29-12-2018,27.9,33.6,23,55,0.25,6.9,3,11.1
1459,30-12-2018,27.8,34,23,65,0,6.9,3.5,5.4
1460,31-12-2018,26.5,33.3,22,68,2.03,6.3,4.4,7.6
1461,01-01-2019,27.5,33.2,21,67,0,6.9,3.5,5.4
1462,02-01-2019,26.2,33.2,22.6,75,7.62,6.3,6.5,7.6
1463,03-01-2019,25.5,32.1,21.2,73,0,6.9,2.4,5.4
1464,04-01-2019,,,,,,,,
1465,05-01-2019,,,,,,,,
1466,06-01-2019,,,,,,,,
1467,07-01-2019,25.4,32,20.6,73,20.07,7.7,3.3,5.4
1468,08-01-2019,26.3,31.5,22.5,74,0,6.9,4.3,7.6
1469,09-01-2019,26.7,32.2,22.3,70,0,6.9,4.8,7.6
1470,10-01-2019,,,,,,,,
1471,11-01-2019,,,,,,,,
1472,12-01-2019,,,,,,,,
1473,13-01-2019,24.8,29.4,22,76,0,6.9,11.9,18.3
1474,14-01-2019,25.3,30.6,22,73,0.51,6.9,8.5,14.8
1475,15-01-2019,26.5,31,21.2,66,0,6.9,10,14.8
1476,16-01-2019,,,,,,,,
1477,17-01-2019,,,,,,,,
1478,18-01-2019,,,,,,,,
1479,19-01-2019,26.6,31.2,21.5,62,0,6.9,8.7,14.8
1480,20-01-2019,25.7,32.3,22.2,65,1.27,6.9,10.6,14.8
1481,21-01-2019,24.6,30.6,20.7,71,0,6.3,8.5,14.8
1482,22-01-2019,,,,,,,,
1483,23-01-2019,,,,,,,,
1484,24-01-2019,,,,,,,,
1485,25-01-2019,25,29.7,21.4,73,0,6.9,6.3,11.1
1486,26-01-2019,24.6,29.8,21.6,71,0,7.7,4.6,7.6
1487,27-01-2019,24.9,30,21.6,68,5.08,6.9,8.3,14.8
1488,28-01-2019,,,,,,,,
1489,29-01-2019,,,,,,,,
1490,30-01-2019,,,,,,,,
1491,31-01-2019,25.6,29.8,21,61,0,6.9,9.1,18.3
1492,01-02-2019,25.5,30.5,21.5,64,0,6.9,9.8,16.5
1493,02-02-2019,25.4,30.8,21.4,64,0,6.9,10.2,18.3
1494,03-02-2019,,,,,,,,
1495,04-02-2019,,,,,,,,
1496,05-02-2019,,,,,,,,
1497,06-02-2019,24.5,28.6,20.7,67,0,6.9,12,20.6
1498,07-02-2019,24.4,29.2,20.6,67,0,6.9,9.4,14.8
1499,08-02-2019,23.8,29.5,20,74,0,6.9,10.7,14.8
1500,09-02-2019,,,,,,,,
1501,10-02-2019,,,,,,,,
1502,11-02-2019,,,,,,,,
1503,12-02-2019,25.2,31.2,21,70,0,6.9,5,7.6
1504,13-02-2019,24.7,30,21.3,69,1.02,6.9,8.1,11.1
1505,14-02-2019,24.2,30.8,21.4,78,0.25,6.6,5.6,7.6
1506,15-02-2019,,,,,,,,
1507,16-02-2019,,,,,,,,
1508,17-02-2019,,,,,,,,
1509,18-02-2019,23.6,28.4,21.6,78,1.02,6.3,5.4,9.4
1510,19-02-2019,23.4,28.4,20.6,78,1.27,6.9,11.1,18.3
1511,20-02-2019,23,27.7,20.6,83,0,6.3,9.8,18.3
1512,21-02-2019,,,,,,,,
1513,22-02-2019,,,,,,,,
1514,23-02-2019,,,,,,,,
1515,24-02-2019,23.8,29.5,21.3,80,1.02,6.9,6.9,14.8
1516,25-02-2019,22.6,28.5,20.6,78,11.18,6.3,8.3,11.1
1517,26-02-2019,24.1,27.8,20.4,72,0,6.9,9.4,14.8
1518,27-02-2019,,,,,,,,
1519,28-02-2019,,,,,,,,
1520,01-03-2019,,,,,,,,
1521,02-03-2019,24.2,29.4,19.8,69,0,6.9,7.4,14.8
1522,03-03-2019,24.7,29.9,20.5,65,0,6.9,8,14.8
1523,04-03-2019,23.6,30.4,20.5,72,0,6.3,12.2,22.2
1524,05-03-2019,23.8,27.4,20.6,70,0,6.9,11.7,14.8
1525,06-03-2019,,,,,,,,
1526,07-03-2019,,,,,,,,
1527,08-03-2019,,,,,,,,
1528,09-03-2019,22.1,25.4,20.4,87,2.03,6.3,12.8,18.3
1529,10-03-2019,22,25.2,20.8,88,3.05,6.9,11.9,18.3
1530,11-03-2019,21.8,24.8,20,90,21.08,6.3,13,22.2
1531,12-03-2019,,,,,,,,
1532,13-03-2019,,,,,,,,
1533,14-03-2019,,,,,,,,
1534,15-03-2019,23.1,27.6,20.6,82,19.05,6.6,6.7,9.4
1535,16-03-2019,22.8,27.4,20.7,84,0.25,6.9,7.8,11.1
1536,17-03-2019,23.2,28.4,20.5,81,9.14,6.9,7.4,11.1
1537,18-03-2019,,,,,,,,
1538,19-03-2019,,,,,,,,
1539,20-03-2019,,,,,,,,
1540,21-03-2019,23.5,28.4,20.2,82,11.68,6.9,3,5.4
1541,22-03-2019,22.8,29,20.1,86,17.53,6.9,2.4,5.4
1542,23-03-2019,23.2,26.8,20.8,82,16.51,6.9,5.7,11.1
1543,24-03-2019,,,,,,,,
1544,25-03-2019,,,,,,,,
1545,26-03-2019,,,,,,,,
1546,27-03-2019,23,27.6,20,78,0,6.9,7.2,14.8
1547,28-03-2019,23,28.3,20,77,0,6.9,7.8,14.8
1548,29-03-2019,23.9,28.2,20.4,73,0.25,6.9,8.5,14.8
1549,30-03-2019,,,,,,,,
1550,31-03-2019,,,,,,,,
1551,01-04-2019,,,,,,,,
1552,02-04-2019,23,28.7,20.4,80,0,6.9,9.1,14.8
1553,03-04-2019,23,26.4,20.4,77,0,6.9,8.3,14.8
1554,04-04-2019,22.3,26.8,20.3,85,0.51,6.9,5.6,11.1
1555,05-04-2019,22.2,26.4,20.1,84,12.95,5.5,10.4,14.8
1556,06-04-2019,,,,,,,,
1557,07-04-2019,,,,,,,,
1558,08-04-2019,,,,,,,,
1559,09-04-2019,23.2,27.3,20.4,78,2.29,6.9,11.9,22.2
1560,10-04-2019,23.6,27.8,20.8,76,0.25,6.9,8.3,14.8
1561,11-04-2019,24.1,27.5,21,73,0.25,6.9,10.2,14.8
1562,12-04-2019,,,,,,,,
1563,13-04-2019,,,,,,,,
1564,14-04-2019,,,,,,,,
1565,15-04-2019,25,29.8,21,69,0.51,7.4,7.4,11.1
1566,16-04-2019,25.1,30.2,21.2,69,0,6.9,7.4,9.4
1567,17-04-2019,24.8,30.7,21.3,69,0,6.3,7.8,11.1
1568,18-04-2019,,,,,,,,
1569,19-04-2019,,,,,,,,
1570,20-04-2019,,,,,,,,
1571,21-04-2019,24.2,27.6,21.2,75,0.25,6.3,5.9,9.4
1572,22-04-2019,24.2,29,20.6,72,1.78,6.9,5.6,7.6
1573,23-04-2019,25.2,29.2,21.2,68,0,6.9,5.6,7.6
1574,24-04-2019,,,,,,,,
1575,25-04-2019,,,,,,,,
1576,26-04-2019,,,,,,,,
1577,27-04-2019,23.2,28.8,20.2,82,23.62,6.9,2,7.6
1578,28-04-2019,23.9,28,20.2,76,1.78,6.9,3.3,7.6
1579,29-04-2019,23.9,28.8,21,82,0,6.3,2.4,5.4
1580,30-04-2019,,,,,,,,
1581,01-05-2019,,,,,,,,
1582,02-05-2019,,,,,,,,
1583,03-05-2019,23.5,30.3,20.6,82,2.03,6.3,5.2,7.6
1584,04-05-2019,24.9,29.1,18.6,68,22.1,8.9,1.1,5.4
1585,05-05-2019,23.5,30.4,19.2,81,7.87,6.9,3.1,7.6
1586,06-05-2019,,,,,,,,
1587,07-05-2019,,,,,,,,
1588,08-05-2019,,,,,,,,
1589,09-05-2019,24.1,29.6,21.3,76,0,6.3,0.2,1.9
1590,10-05-2019,23.3,29.2,20.2,80,0,6.3,3.7,7.6
1591,11-05-2019,24.3,30.1,19.3,71,5.59,6.3,1.3,5.4
1592,12-05-2019,,,,,,,,
1593,13-05-2019,,,,,,,,
1594,14-05-2019,,,,,,,,
1595,15-05-2019,24.9,29.8,21.5,75,0,7.7,2.8,7.6
1596,16-05-2019,26.7,30.6,21.6,63,0,6.9,2.4,5.4
1597,17-05-2019,24.7,30.7,21.6,73,0,6.3,3.7,7.6
1598,18-05-2019,,,,,,,,
1599,19-05-2019,,,,,,,,
1600,20-05-2019,,,,,,,,
1601,21-05-2019,23.4,27.6,20.2,75,8.89,7.7,3.9,7.6
1602,22-05-2019,23.3,27.9,21,75,0,4.8,2.8,5.4
1603,23-05-2019,22.2,28.6,20.6,90,7.87,6.3,0,-
1604,24-05-2019,,,,,,,,
1605,25-05-2019,,,,,,,,
1606,26-05-2019,,,,,,,,
1607,27-05-2019,21.5,26.7,19.4,86,0,6.3,5.4,11.1
1608,28-05-2019,22.4,27,19,79,6.1,6.9,2.8,9.4
1609,29-05-2019,22.3,27.8,19.4,86,3.05,6.3,4.1,5.4
1610,30-05-2019,,,,,,,,
1611,31-05-2019,,,,,,,,
1612,01-06-2019,,,,,,,,
1613,02-06-2019,22.5,25.6,19.7,82,6.86,5.8,5.7,9.4
1614,03-06-2019,23.8,27.8,18,74,0.25,6.9,3.3,5.4
1615,04-06-2019,24.2,29.4,21,73,0,6.9,2.4,5.4
1616,05-06-2019,24.4,29.5,20.6,67,0,6.9,2.4,5.4
1617,06-06-2019,,,,,,,,
1618,07-06-2019,,,,,,,,
1619,08-06-2019,,,,,,,,
1620,09-06-2019,24.7,30.9,18.6,66,0,6,1.9,3.5
1621,10-06-2019,24.4,28.4,21.8,75,3.05,6.9,3.1,5.4
1622,11-06-2019,24.3,29.2,21.2,74,0,6.3,0.9,3.5
1623,12-06-2019,,,,,,,,
1624,13-06-2019,,,,,,,,
1625,14-06-2019,,,,,,,,
1626,15-06-2019,22.9,28,18.5,66,0,6.9,3.5,5.4
1627,16-06-2019,22.3,28.8,18.8,80,0,6.9,3.7,7.6
1628,17-06-2019,22.7,26.8,19.4,83,2.79,6.3,2,5.4
1629,18-06-2019,,,,,,,,
1630,19-06-2019,,,,,,,,
1631,20-06-2019,,,,,,,,
1632,21-06-2019,23.6,29.4,19.8,72,0,6.9,3.1,5.4
1633,22-06-2019,22.3,29.8,20.2,84,10.92,6.9,3.9,5.4
1634,23-06-2019,22.4,27.6,20.4,79,0,6.6,2.4,5.4
1635,24-06-2019,,,,,,,,
1636,25-06-2019,,,,,,,,
1637,26-06-2019,,,,,,,,
1638,27-06-2019,22.4,28.5,18.6,73,0,6.9,4.1,7.6
1639,28-06-2019,21.9,27.3,16.7,71,0,7.4,4.6,5.4
1640,29-06-2019,21.9,28.3,20,79,0.25,6.9,4.6,9.4
1641,30-06-2019,,,,,,,,
1642,01-07-2019,,,,,,,,
1643,02-07-2019,,,,,,,,
1644,03-07-2019,21.2,24.6,20,93,1.78,5.5,3.3,5.4
1645,04-07-2019,21.4,24,19.7,84,6.86,5.8,5.2,7.6
1646,05-07-2019,21.1,24.5,19.4,79,0.51,6.3,4.1,7.6
1647,06-07-2019,,,,,,,,
1648,07-07-2019,,,,,,,,
1649,08-07-2019,,,,,,,,
1650,09-07-2019,20.3,24.5,15.8,86,0.51,5.5,1.1,5.4
1651,10-07-2019,20.2,24.9,17.8,87,0,4,4.3,7.6
1652,11-07-2019,21.5,25.6,17,70,0,6.9,4.3,5.4
1653,12-07-2019,,,,,,,,
1654,13-07-2019,,,,,,,,
1655,14-07-2019,,,,,,,,
1656,15-07-2019,22.2,28.2,17.4,69,0,6.9,4.3,5.4
1657,16-07-2019,21.1,28.8,18.2,85,0,5.5,5.4,7.6
1658,17-07-2019,21.7,26,17.6,67,2.79,6.9,3.7,7.6
1659,18-07-2019,,,,,,,,
1660,19-07-2019,,,,,,,,
1661,20-07-2019,,,,,,,,
1662,21-07-2019,20.7,26.4,18,73,0,6.3,3.3,7.6
1663,22-07-2019,20.9,25,16.2,75,0,6.9,2.2,5.4
1664,23-07-2019,21.9,27.4,18,72,0,6.3,3.3,7.6
1665,24-07-2019,,,,,,,,
1666,25-07-2019,,,,,,,,
1667,26-07-2019,,,,,,,,
1668,27-07-2019,21.6,28.6,19.8,83,0,6.3,3.9,7.6
1669,28-07-2019,22.3,27.2,19,73,0,6.3,3,5.4
1670,29-07-2019,23.4,29.6,18,66,0,6.6,2.2,5.4
1671,30-07-2019,,,,,,,,
1672,31-07-2019,,,,,,,,
1673,01-08-2019,,,,,,,,
1674,02-08-2019,21.9,28.1,17.5,74,0,6.3,4.8,7.6
1675,03-08-2019,22,27.2,19.2,75,0,6.9,3.3,5.4
1676,04-08-2019,22.2,26,19.4,77,0,5.5,2,5.4
1677,05-08-2019,23.4,28.4,19.4,68,0,6.9,3.5,5.4
1678,06-08-2019,,,,,,,,
1679,07-08-2019,,,,,,,,
1680,08-08-2019,,,,,,,,
1681,09-08-2019,22.2,26.2,18.8,68,0,6.3,5,7.6
1682,10-08-2019,22.7,28.6,18.2,61,0,6.3,3,5.4
1683,11-08-2019,23.1,29.8,18,60,0,6.9,1.9,3.5
1684,12-08-2019,,,,,,,,
1685,13-08-2019,,,,,,,,
1686,14-08-2019,,,,,,,,
1687,15-08-2019,22.9,27.6,17.4,53,0,8,0.6,3.5
1688,16-08-2019,21.9,29,16.4,51,0,6.9,4.4,5.4
1689,17-08-2019,21,29.5,14.4,51,0,6.9,2.8,5.4
1690,18-08-2019,,,,,,,,
1691,19-08-2019,,,,,,,,
1692,20-08-2019,,,,,,,,
1693,21-08-2019,23.3,28.6,19.2,65,0,6.9,2.4,5.4
1694,22-08-2019,23.3,29.8,17.7,55,0,6.3,3.7,7.6
1695,23-08-2019,22.6,31,17.2,47,0,6.9,3.7,7.6
1696,24-08-2019,,,,,,,,
1697,25-08-2019,,,,,,,,
1698,26-08-2019,,,,,,,,
1699,27-08-2019,22.6,31.3,15.4,33,0,6.9,3.9,5.4
1700,28-08-2019,23.4,31.7,15.5,37,0,7.7,1.3,3.5
1701,29-08-2019,23.9,32.7,15.9,45,0,7.7,2.8,5.4
1702,30-08-2019,,,,,,,,
1703,31-08-2019,,,,,,,,
1704,01-09-2019,,,,,,,,
1705,02-09-2019,25.1,33.4,19,50,0,6.9,2,5.4
1706,03-09-2019,23.4,32.7,18.8,55,0,6.3,4.1,7.6
1707,04-09-2019,22.9,30.5,17.4,54,0,6.9,4.6,5.4
1708,05-09-2019,23.3,29.2,17.2,43,0,6.9,3,5.4
1709,06-09-2019,,,,,,,,
1710,07-09-2019,,,,,,,,
1711,08-09-2019,,,,,,,,
1712,09-09-2019,23.7,31,18,52,0,6.6,2.2,59.4
1713,10-09-2019,24.4,30.8,19,53,0,6.9,3.1,3.5
1714,11-09-2019,23.8,31.6,18.2,55,0,6.3,3.7,9.4
1715,12-09-2019,,,,,,,,
1716,13-09-2019,,,,,,,,
1717,14-09-2019,,,,,,,,
1718,15-09-2019,24.5,31,18.6,46,0,6.9,4.1,5.4
1719,16-09-2019,24.7,32.2,18,44,0,6.9,2,5.4
1720,17-09-2019,25.2,32.3,17.6,31,0,6.3,1.3,3.5
1721,18-09-2019,,,,,,,,
1722,19-09-2019,,,,,,,,
1723,20-09-2019,,,,,,,,
1724,21-09-2019,23.8,32.6,17.6,46,0,6.9,4.1,7.6
1725,22-09-2019,23.7,31.5,16.5,38,0,6.3,4.8,7.6
1726,23-09-2019,24,32.6,16.6,38,0,6.3,3.9,7.6
1727,24-09-2019,,,,,,,,
1728,25-09-2019,,,,,,,,
1729,26-09-2019,,,,,,,,
1730,27-09-2019,25,31,18,46,0,6.3,4.3,9.4
1731,28-09-2019,25.4,32.5,19.4,53,0,6.3,4.3,5.4
1732,29-09-2019,25.2,32.4,20.4,52,0,6.3,3.5,7.6
1733,30-09-2019,,,,,,,,
1734,01-10-2019,,,,,,,,
1735,02-10-2019,25.5,32.8,20.2,52,0,6.3,3.1,5.4
1736,03-10-2019,24.5,32.3,20.4,57,0,6.3,2.2,3.5
1737,04-10-2019,25.8,30.6,20,51,0,6.3,1.5,3.5
1738,05-10-2019,,,,,,,,
1739,06-10-2019,,,,,,,,
1740,07-10-2019,,,,,,,,
1741,08-10-2019,26.1,33.4,22.3,60,1.02,6.3,1.3,3.5
1742,09-10-2019,26.4,32.3,22,58,0,6.9,1.9,3.5
1743,10-10-2019,26.4,33.3,21.6,57,0,6.9,2,5.4
1744,11-10-2019,,,,,,,,
1745,12-10-2019,,,,,,,,
1746,13-10-2019,,,,,,,,
1747,14-10-2019,26.4,34.4,21,42,0,7.7,1.9,3.5
1748,15-10-2019,26.9,33.8,20.4,37,0,6.9,1.3,3.5
1749,16-10-2019,26.6,34.4,20.5,42,0,6.3,4.4,7.6
1750,17-10-2019,,,,,,,,
1751,18-10-2019,,,,,,,,
1752,19-10-2019,,,,,,,,
1753,20-10-2019,27.6,35.2,20.9,34,0,6.3,1.1,3.5
1754,21-10-2019,25.4,35.2,22.6,64,2.03,6.9,3.5,5.4
1755,22-10-2019,27.4,34.1,22,45,-,6.9,2.4,5.4
1756,23-10-2019,,,,,,,,
1757,24-10-2019,,,,,,,,
1758,25-10-2019,,,,,,,,
1759,26-10-2019,26.8,34.7,21,42,0,6.9,1.1,5.4
1760,27-10-2019,26.9,33,20.6,42,0,6.9,3,5.4
1761,28-10-2019,26.4,33.8,19.6,35,0,6.3,3.3,5.4
1762,29-10-2019,,,,,,,,
1763,30-10-2019,,,,,,,,
1764,31-10-2019,,,,,,,,
1765,01-11-2019,27.8,36.1,19.6,33,0,6.3,2.4,5.4
1766,02-11-2019,28.8,35.4,21,29,0,6.9,2.8,7.6
1767,03-11-2019,28.8,36,22,36,0,6.9,3,7.6
1768,04-11-2019,28.5,35.8,23,41,0,7.4,3.3,5.4
1769,05-11-2019,,,,,,,,
1770,06-11-2019,,,,,,,,
1771,07-11-2019,,,,,,,,
1772,08-11-2019,25,35.6,21,66,29.97,6.9,3,5.4
1773,09-11-2019,26.8,32.8,21,56,0,6.9,1.9,7.6
1774,10-11-2019,24.9,33.7,19,69,0,6.8,2.2,9.4
1775,11-11-2019,,,,,,,,
1776,12-11-2019,,,,,,,,
1777,13-11-2019,,,,,,,,
1778,14-11-2019,27.6,34,20.5,35,0,6.9,2.8,5.4
1779,15-11-2019,27.3,34.8,19.6,29,0,6.9,2.8,9.4
1780,16-11-2019,27.7,34.6,20.8,42,0,6.9,1.3,3.5
1781,17-11-2019,,,,,,,,
1782,18-11-2019,,,,,,,,
1783,19-11-2019,,,,,,,,
1784,20-11-2019,28.2,34.4,24,48,0,6.9,2.8,5.4
1785,21-11-2019,28.2,34.2,22.6,43,0,6.9,3.3,5.4
1786,22-11-2019,28,34.2,22.3,45,0,6.9,2,5.4
1787,23-11-2019,,,,,,,,
1788,24-11-2019,,,,,,,,
1789,25-11-2019,,,,,,,,
1790,26-11-2019,25.8,30.8,22.7,65,0,4,3,7.6
1791,27-11-2019,26.7,32,22.6,64,0,6.9,3.3,7.6
1792,28-11-2019,26.7,31.6,22.4,67,0,6.9,2.2,3.5
1793,29-11-2019,,,,,,,,
1794,30-11-2019,,,,,,,,
1795,01-12-2019,,,,,,,,
1796,02-12-2019,28.7,32.8,23,54,0,7.4,2.2,5.4
1797,03-12-2019,27.7,33.6,23.7,61,0,6.3,1.1,3.5
1798,04-12-2019,27.5,33.4,23.2,62,0.51,6.3,1.3,5.4
1799,05-12-2019,,,,,,,,
1800,06-12-2019,,,,,,,,
1801,07-12-2019,,,,,,,,
1802,08-12-2019,26.9,33.6,23.1,66,0.25,6.3,2,5.4
1803,09-12-2019,27.7,32.5,23.4,63,0,6.9,3.7,7.6
1804,10-12-2019,29.1,34,23.8,52,0,6.9,4.1,5.4
1805,11-12-2019,,,,,,,,
1806,12-12-2019,,,,,,,,
1807,13-12-2019,,,,,,,,
1808,14-12-2019,27.9,33.8,22.4,57,0,6.9,0.4,3.5
1809,15-12-2019,28.7,33.8,23.7,54,0,6.3,2.2,5.4
1810,16-12-2019,29,34.9,24,50,0,6.9,1.9,5.4
1811,17-12-2019,,,,,,,,
1812,18-12-2019,,,,,,,,
1813,19-12-2019,,,,,,,,
1814,20-12-2019,26.7,31.6,22.6,64,0,6.3,8.1,9.4
1815,21-12-2019,27.8,32.6,21.8,54,0,8.9,6.3,11.1
1816,22-12-2019,26.4,33.2,22,60,0,6.9,4.1,5.4
1817,23-12-2019,,,,,,,,
1818,24-12-2019,,,,,,,,
1819,25-12-2019,,,,,,,,
1820,26-12-2019,26.7,34.4,22,68,35.31,6.3,3.1,7.6
1821,27-12-2019,25.6,33.4,21.6,76,0,6.9,2.2,5.4
1822,28-12-2019,24.1,32.9,20.9,82,30.99,5.5,3,5.4
1823,29-12-2019,,,,,,,,
1824,30-12-2019,,,,,,,,
1825,31-12-2019,,,,,,,,
1826,01-01-2020,26.3,32,22.4,71,0.25,5.8,2.2,5.4
1827,02-01-2020,25.9,32.8,22.4,71,0,5.5,4.6,9.4
1828,03-01-2020,24.4,32,21.8,75,0,6.9,4.1,7.6
1829,04-01-2020,24.7,28.8,21.2,73,0,6.9,6.7,9.4
1830,05-01-2020,,,,,,,,
1831,06-01-2020,,,,,,,,
1832,07-01-2020,,,,,,,,
1833,08-01-2020,24.5,30.4,20.8,72,20.32,5.5,6.3,9.4
1834,09-01-2020,26.2,31.8,21.2,65,0,6.9,4.8,9.4
1835,10-01-2020,25.4,32.5,21.6,70,0,6.9,5.2,7.6
1836,11-01-2020,,,,,,,,
1837,12-01-2020,,,,,,,,
1838,13-01-2020,,,,,,,,
1839,14-01-2020,23.3,27,20,83,0,6.3,9.4,11.1
1840,15-01-2020,23.9,28.4,21,77,1.78,6.3,7.2,11.1
1841,16-01-2020,25,28.9,21.2,72,0,6.9,10.2,14.8
1842,17-01-2020,,,,,,,,
1843,18-01-2020,,,,,,,,
1844,19-01-2020,,,,,,,,
1845,20-01-2020,24.7,28.8,20.7,73,0,6.9,11.3,18.3
1846,21-01-2020,25.2,29.6,21.2,70,0,6.9,8.3,11.1
1847,22-01-2020,23.8,30.3,21.1,77,0,6.9,7.2,9.4
1848,23-01-2020,,,,,,,,
1849,24-01-2020,,,,,,,,
1850,25-01-2020,,,,,,,,
1851,26-01-2020,23.7,31.4,20.6,83,22.1,6.3,5.2,7.6
1852,27-01-2020,24.2,30.4,20.4,79,39.62,7.7,3.7,9.4
1853,28-01-2020,24.4,29.2,21,78,0,6.9,6.3,9.4
1854,29-01-2020,,,,,,,,
1855,30-01-2020,,,,,,,,
1856,31-01-2020,,,,,,,,
1857,01-02-2020,24.7,29.4,21.2,74,0,6.9,8.3,11.1
1858,02-02-2020,22.4,28.4,21,88,10.92,4.8,8.3,14.8
1859,03-02-2020,22.6,27.6,20.2,84,6.1,5.5,8.7,14.8
1860,04-02-2020,,,,,,,,
1861,05-02-2020,,,,,,,,
1862,06-02-2020,,,,,,,,
1863,07-02-2020,23.4,27.6,20.8,80,0,4.8,7.4,81.3
1864,08-02-2020,22.9,28.6,20.6,86,7.37,6.3,6.9,11.1
1865,09-02-2020,23.7,29.4,20.2,83,24.38,6.3,5.9,11.1
1866,10-02-2020,,,,,,,,
1867,11-02-2020,,,,,,,,
1868,12-02-2020,,,,,,,,
1869,13-02-2020,24.3,29.3,21.5,76,0,6.6,5.4,7.6
1870,14-02-2020,23.8,29.4,21.4,78,0,4.8,7.6,14.8
1871,15-02-2020,22.4,26.2,21,89,0,4.8,6.7,7.6
1872,16-02-2020,,,,,,,,
1873,17-02-2020,,,,,,,,
1874,18-02-2020,,,,,,,,
1875,19-02-2020,24.4,29,21,84,0.76,5.5,2.8,3.5
1876,20-02-2020,23.4,29.6,20,87,11.18,6.8,7.2,22.2
1877,21-02-2020,24.5,29.6,19,77,24.13,6.9,2,5.4
1878,22-02-2020,,,,,,,,
1879,23-02-2020,,,,,,,,
1880,24-02-2020,,,,,,,,
1881,25-02-2020,23.7,28.4,20.5,77,0,6.9,4.8,11.1
1882,26-02-2020,23.6,29.4,20.4,77,4.06,7.7,6.3,11.1
1883,27-02-2020,24.1,28.4,20.4,77,0,6.9,4.8,11.1
1884,28-02-2020,,,,,,,,
1885,29-02-2020,,,,,,,,
1886,01-03-2020,,,,,,,,
1887,02-03-2020,23.9,28.6,21.4,80,4.06,6.9,3.3,5.4
1888,03-03-2020,23,29.6,20.4,85,2.03,6.3,5.2,11.1
1889,04-03-2020,22.8,28,20.4,82,3.3,6.9,13.5,22.2
1890,05-03-2020,22.9,27.8,20.4,85,2.54,6.3,5.7,9.4
1891,06-03-2020,,,,,,,,
1892,07-03-2020,,,,,,,,
1893,08-03-2020,,,,,,,,
1894,09-03-2020,23.4,27.8,21.4,82,1.27,6.3,7.6,11.1
1895,10-03-2020,22.4,27.2,20.4,87,0,5.5,7,18.3
1896,11-03-2020,21.8,27.4,20.2,89,2.29,5.5,7.4,14.8
1897,12-03-2020,,,,,,,,
1898,13-03-2020,,,,,,,,
1899,14-03-2020,,,,,,,,
1900,15-03-2020,-,-,-,-,-,-,-,-
1901,16-03-2020,22.7,28,20.2,82,0,6.9,5.2,7.6
1902,17-03-2020,22.4,25.6,20.4,81,0,6.9,7.2,9.4
1903,18-03-2020,21.6,25.6,20,87,0,5.5,7.8,11.1
1904,19-03-2020,,,,,,,,
1905,20-03-2020,,,,,,,,
1906,21-03-2020,,,,,,,,
1907,22-03-2020,22.8,26.8,20.6,83,0,6.9,4.8,9.4
1908,23-03-2020,24.1,26.8,21,77,0,6.6,7.6,33.5
1909,24-03-2020,24.1,28,20.6,81,9.91,6.9,4.6,9.4
1910,25-03-2020,,,,,,,,
1911,26-03-2020,,,,,,,,
1912,27-03-2020,,,,,,,,
1913,28-03-2020,25.6,30.2,22,66,0,6.3,1.9,3.5
1914,29-03-2020,24.2,30,21.2,69,0,7.7,3.3,5.4
1915,30-03-2020,25.3,29.8,20.4,62,0,6.3,4.4,5.4
1916,31-03-2020,,,,,,,,
1917,01-04-2020,,,,,,,,
1918,02-04-2020,,,,,,,,
